slide_id,case_id,file_id,sample_type_code,tissue_slide_id,filename,file_size
TCGA-4P-AA8J-01Z-00-DX1,TCGA-4P-AA8J,51a82912-ee59-4d46-8196-aa98486da037,01Z,DX1,TCGA-4P-AA8J-01Z-00-DX1.5B44796F-D099-4076-9CAF-B40C2B83F432.svs,2003945717
TCGA-BA-4074-01Z-00-DX1,TCGA-BA-4074,2b468722-e9d5-482f-809a-646690820bf5,01Z,DX1,TCGA-BA-4074-01Z-00-DX1.937DC1B1-C9A4-4E67-B5FD-A0C0C60D2628.svs,286886203
TCGA-BA-4075-01Z-00-DX1,TCGA-BA-4075,265bf542-59d5-4522-bb34-ef268c6a5e46,01Z,DX1,TCGA-BA-4075-01Z-00-DX1.15BAC45A-F648-47AD-85C9-0CCC6504846E.svs,532157321
TCGA-BA-4076-01Z-00-DX1,TCGA-BA-4076,77fd34a1-21ce-4a95-a76d-710ed9e4165e,01Z,DX1,TCGA-BA-4076-01Z-00-DX1.F8281BFD-6267-4DF0-BF8D-8F2C5A592A82.svs,256420981
TCGA-BA-4077-01Z-00-DX1,TCGA-BA-4077,71ed1855-0b29-4274-9027-55ee5813a614,01Z,DX1,TCGA-BA-4077-01Z-00-DX1.547A89DF-9628-4594-BEB7-20EA7C5B5A5E.svs,350861733
TCGA-BA-4078-01Z-00-DX1,TCGA-BA-4078,d7878521-9bf9-430c-a735-168163e9d3e3,01Z,DX1,TCGA-BA-4078-01Z-00-DX1.B190F43D-3313-496B-BEF7-3798A5DE5E55.svs,545271915
TCGA-BA-5149-01Z-00-DX1,TCGA-BA-5149,bec942c3-01ca-492c-9bd9-811807082b96,01Z,DX1,TCGA-BA-5149-01Z-00-DX1.ecb9aaa2-68b0-47e2-b96f-8cd78bf0a6fb.svs,169974839
TCGA-BA-5151-01Z-00-DX1,TCGA-BA-5151,eae53f15-780c-4fd2-897a-f9a46af522b5,01Z,DX1,TCGA-BA-5151-01Z-00-DX1.32EE476B-128D-4153-A57C-CFA823B993A2.svs,327297918
TCGA-BA-5152-01Z-00-DX1,TCGA-BA-5152,677d4dc4-e76a-4a2d-b70d-4c46b939e1c2,01Z,DX1,TCGA-BA-5152-01Z-00-DX1.d85d709e-8627-46d4-8558-ce5bdad2d552.svs,542460211
TCGA-BA-5153-01Z-00-DX1,TCGA-BA-5153,c5665363-2432-4034-8dce-772956e87c0e,01Z,DX1,TCGA-BA-5153-01Z-00-DX1.045011D8-DF25-4B13-BF92-188D5EBE96CF.svs,161342400
TCGA-BA-5555-01Z-00-DX1,TCGA-BA-5555,403ac373-9d34-4d85-8223-03e54cd121c4,01Z,DX1,TCGA-BA-5555-01Z-00-DX1.cffe9b77-36d4-49f1-86f8-90686c695985.svs,586104517
TCGA-BA-5556-01Z-00-DX1,TCGA-BA-5556,9a5ef753-9927-4151-95a4-d3004e64e26a,01Z,DX1,TCGA-BA-5556-01Z-00-DX1.6941a8fa-2f68-41d8-8661-82601570d901.svs,113094269
TCGA-BA-5557-01Z-00-DX1,TCGA-BA-5557,09c95484-594c-4c8b-890e-ce9952286f5b,01Z,DX1,TCGA-BA-5557-01Z-00-DX1.40be784e-d030-414f-aecf-620c0f8d9be3.svs,246676437
TCGA-BA-5558-01Z-00-DX1,TCGA-BA-5558,35a54988-841e-4700-b4e4-1ec58af1b2bc,01Z,DX1,TCGA-BA-5558-01Z-00-DX1.a134a6eb-86d6-4619-a90b-1d471e8aa348.svs,309305939
TCGA-BA-5559-01Z-00-DX1,TCGA-BA-5559,a3baeb53-4a23-4e50-a2a9-bbef9edccd3b,01Z,DX1,TCGA-BA-5559-01Z-00-DX1.2ef4e82a-fec2-4382-966c-ad991e5b2787.svs,306975971
TCGA-BA-6868-01Z-00-DX1,TCGA-BA-6868,8a7e5552-9152-4e38-a50a-0ab21657ebba,01Z,DX1,TCGA-BA-6868-01Z-00-DX1.edbca656-6680-4c99-92ef-d7467f42c780.svs,208647689
TCGA-BA-6869-01Z-00-DX1,TCGA-BA-6869,d573f157-590c-4fa5-ab2f-0a6bded12998,01Z,DX1,TCGA-BA-6869-01Z-00-DX1.6e58648e-3309-47bb-b2c7-b71bcd9dc69b.svs,911752141
TCGA-BA-6870-01Z-00-DX1,TCGA-BA-6870,ee70d775-64ee-400e-9d98-938504b29188,01Z,DX1,TCGA-BA-6870-01Z-00-DX1.261566ac-6b40-4a08-b383-ee61cbdc8672.svs,107042933
TCGA-BA-6871-01Z-00-DX1,TCGA-BA-6871,0e32ed3c-902b-4a8d-8955-9520ad9772c1,01Z,DX1,TCGA-BA-6871-01Z-00-DX1.4d9ca329-f8d5-4c31-a20f-9d4fba728326.svs,583605953
TCGA-BA-6872-01Z-00-DX1,TCGA-BA-6872,9a8b3fbf-f47b-41ae-acdf-b405b1e3b5bf,01Z,DX1,TCGA-BA-6872-01Z-00-DX1.F99F6394-D319-4599-B124-D2A6692FA096.svs,333463157
TCGA-BA-6873-01Z-00-DX1,TCGA-BA-6873,51078465-0089-4fbc-b82c-0d12129a8d36,01Z,DX1,TCGA-BA-6873-01Z-00-DX1.F0A84DE2-7A08-44D5-9FD1-A284F55AA8C1.svs,115414823
TCGA-BA-7269-01Z-00-DX1,TCGA-BA-7269,d3ef3a84-4b20-4564-a9fc-175c2cfa6ede,01Z,DX1,TCGA-BA-7269-01Z-00-DX1.A759601F-7513-47C6-B590-4ADAA3484CD9.svs,777705764
TCGA-BA-A6D8-01Z-00-DX1,TCGA-BA-A6D8,84dd3bb7-2060-46e7-892f-caa346021f9f,01Z,DX1,TCGA-BA-A6D8-01Z-00-DX1.0198253B-84AC-484E-9A58-F7CF8AEBE922.svs,1563693092
TCGA-BA-A6DA-01Z-00-DX1,TCGA-BA-A6DA,53c1e162-aaf7-414b-9df4-0fae258c6baf,01Z,DX1,TCGA-BA-A6DA-01Z-00-DX1.8BFA179A-8E8A-45DC-A036-77A7D6ABB7EA.svs,1446361690
TCGA-BA-A6DB-01Z-00-DX1,TCGA-BA-A6DB,920fc27f-00d3-4628-841e-59d1a65a3f63,01Z,DX1,TCGA-BA-A6DB-01Z-00-DX1.6EC4113A-D48B-4F83-84EF-1A811C67FDFE.svs,1849857604
TCGA-BA-A6DD-01Z-00-DX1,TCGA-BA-A6DD,0d8e35a2-e38e-4c7c-908f-4cd659a09c33,01Z,DX1,TCGA-BA-A6DD-01Z-00-DX1.5B67DD6F-811C-4DE2-894E-C8FE4CF7FBE7.svs,1655797096
TCGA-BA-A6DE-01Z-00-DX1,TCGA-BA-A6DE,44f74e51-f411-47ad-86b6-1d9a25df4c41,01Z,DX1,TCGA-BA-A6DE-01Z-00-DX1.3279D372-4A92-4CFA-9E52-19197934378D.svs,1352759900
TCGA-BA-A6DF-01Z-00-DX1,TCGA-BA-A6DF,52b17274-7cbd-4e5d-a15d-f7de9f723eed,01Z,DX1,TCGA-BA-A6DF-01Z-00-DX1.AAA638F5-C794-441B-A034-30AD8CC72573.svs,1643809592
TCGA-BA-A6DG-01Z-00-DX1,TCGA-BA-A6DG,b144bd67-69ac-411c-9f10-88eca6df3fc3,01Z,DX1,TCGA-BA-A6DG-01Z-00-DX1.B227E4F2-2F78-4AD7-BD85-2A77701BACBA.svs,887602614
TCGA-BA-A6DI-01Z-00-DX1,TCGA-BA-A6DI,8a8bb00b-7406-434c-a36d-737bbadce091,01Z,DX1,TCGA-BA-A6DI-01Z-00-DX1.4EB42174-5219-43A3-AD93-64446DCE37CF.svs,871571608
TCGA-BA-A6DJ-01Z-00-DX1,TCGA-BA-A6DJ,e3247cfd-9755-415f-8450-3dc0d8bfb0b6,01Z,DX1,TCGA-BA-A6DJ-01Z-00-DX1.F83A347E-4442-4F06-9715-32E4C4E1A4FA.svs,1254600870
TCGA-BA-A6DL-01Z-00-DX1,TCGA-BA-A6DL,8079c074-ebe2-4b66-91f2-9c7e98df439b,01Z,DX1,TCGA-BA-A6DL-01Z-00-DX1.A2E13153-88A9-411B-AA0F-56314E72E2CB.svs,1036152808
TCGA-BA-A8YP-01Z-00-DX1,TCGA-BA-A8YP,b72b0426-d597-4280-b10e-033fb0fd0e6c,01Z,DX1,TCGA-BA-A8YP-01Z-00-DX1.03B95E63-2639-49F6-B8DD-AC2C2FA872B1.svs,1452716968
TCGA-BB-4217-01Z-00-DX1,TCGA-BB-4217,d5aa37e5-97ee-4f18-a1d4-603d9bfb99ec,01Z,DX1,TCGA-BB-4217-01Z-00-DX1.E351C8DB-F6CB-4327-9FEC-B9001E70C913.svs,1545538345
TCGA-BB-4223-01Z-00-DX1,TCGA-BB-4223,e9399bd6-6ad6-49b1-ad6a-d6bb47eb0bf4,01Z,DX1,TCGA-BB-4223-01Z-00-DX1.8806b83e-910f-4ee8-aa83-f84e3d13155f.svs,132284187
TCGA-BB-4224-01Z-00-DX1,TCGA-BB-4224,b55024f3-629f-4764-a14a-7654f490b8e8,01Z,DX1,TCGA-BB-4224-01Z-00-DX1.ebdb44ef-4266-40b7-bc1b-e197c9813868.svs,128847133
TCGA-BB-4225-01Z-00-DX1,TCGA-BB-4225,5103e013-9acb-4002-a0cb-8540852a495e,01Z,DX1,TCGA-BB-4225-01Z-00-DX1.cfce62af-e565-4673-9970-afd08767b062.svs,171468083
TCGA-BB-4227-01Z-00-DX1,TCGA-BB-4227,f9d127c3-013e-4fad-a5b0-196fe8e84bb5,01Z,DX1,TCGA-BB-4227-01Z-00-DX1.7475866c-90bb-4f62-b44e-adccc731cad8.svs,206456933
TCGA-BB-4228-01Z-00-DX1,TCGA-BB-4228,6c6be158-b6a3-4c23-aa66-3f577d8f33b8,01Z,DX1,TCGA-BB-4228-01Z-00-DX1.170b1b9a-05ac-4115-965e-56c2af944f1f.svs,102390211
TCGA-BB-7861-01Z-00-DX1,TCGA-BB-7861,eac6709c-57db-4273-bd56-9517ab2a325b,01Z,DX1,TCGA-BB-7861-01Z-00-DX1.efdd186f-1bbf-4e43-9875-9458cebcd0dd.svs,211106593
TCGA-BB-7862-01Z-00-DX1,TCGA-BB-7862,9413463d-2b05-4b01-bb6a-8cb35783df26,01Z,DX1,TCGA-BB-7862-01Z-00-DX1.13b1af78-0930-44ac-b060-a83613095918.svs,1146612287
TCGA-BB-7863-01Z-00-DX1,TCGA-BB-7863,7cc354af-24a2-49de-bc21-99ceb9c6931a,01Z,DX1,TCGA-BB-7863-01Z-00-DX1.f7662dec-5c02-4b33-91e4-b6f0b76d8498.svs,1005432615
TCGA-BB-7864-01Z-00-DX1,TCGA-BB-7864,8b86c50e-bf97-44e8-a614-9e22ff8bb1f4,01Z,DX1,TCGA-BB-7864-01Z-00-DX1.a8e9cdba-2026-4290-8e49-36086b65e806.svs,495371743
TCGA-BB-7866-01Z-00-DX1,TCGA-BB-7866,c247adc9-1b96-4f84-8324-d85bed842a84,01Z,DX1,TCGA-BB-7866-01Z-00-DX1.144872E0-8C08-42CC-ACDD-45D28F35517D.svs,971403931
TCGA-BB-7870-01Z-00-DX1,TCGA-BB-7870,10b42c59-fdce-45eb-b01b-065ef63bd23b,01Z,DX1,TCGA-BB-7870-01Z-00-DX1.6b49c1c8-19c4-4e0c-b4b5-f7e9e1ba782c.svs,691022547
TCGA-BB-7871-01Z-00-DX1,TCGA-BB-7871,8b8bf12b-7e58-4ab4-86d5-4f8e0502d6a5,01Z,DX1,TCGA-BB-7871-01Z-00-DX1.c062435e-5f17-48d0-af06-dd0253ddcf75.svs,552038105
TCGA-BB-7872-01Z-00-DX1,TCGA-BB-7872,e6bffa9a-ff5d-449a-a329-fd455b66a139,01Z,DX1,TCGA-BB-7872-01Z-00-DX1.0117273b-4be0-4f73-b408-88721fa52e67.svs,870850925
TCGA-BB-8596-01Z-00-DX1,TCGA-BB-8596,700dd7b7-c445-40aa-a776-ae32f3caa5c8,01Z,DX1,TCGA-BB-8596-01Z-00-DX1.F354D65B-F1F9-447C-8C6A-519140FC4549.svs,619978783
TCGA-BB-8601-01Z-00-DX1,TCGA-BB-8601,c14455e9-9ee5-4ed6-9780-2a278c00ae27,01Z,DX1,TCGA-BB-8601-01Z-00-DX1.A226FE85-28D7-44C1-8330-CC687677EC59.svs,1245982111
TCGA-BB-A5HU-01Z-00-DX1,TCGA-BB-A5HU,ce2efec9-711e-42f9-9047-365a2b954343,01Z,DX1,TCGA-BB-A5HU-01Z-00-DX1.B9A51FFE-D49C-478E-82C9-ABB7AA43EA4E.svs,818235829
TCGA-BB-A5HY-01Z-00-DX1,TCGA-BB-A5HY,fe38bed2-63f8-49ce-8ba3-8780ab75ffe4,01Z,DX1,TCGA-BB-A5HY-01Z-00-DX1.0BDC44E8-17E5-4907-9C9B-417FF335AEC8.svs,1429932269
TCGA-BB-A5HZ-01Z-00-DX1,TCGA-BB-A5HZ,88a9dcb4-85df-444a-a69c-af9687c6a695,01Z,DX1,TCGA-BB-A5HZ-01Z-00-DX1.4EAE9F9E-7118-4BDB-9FC9-344BC5E2AF46.svs,1258180245
TCGA-BB-A6UM-01Z-00-DX1,TCGA-BB-A6UM,037ecfce-3fd0-4ec4-b35e-1d3179e439f8,01Z,DX1,TCGA-BB-A6UM-01Z-00-DX1.403D4D0A-83F4-4D2F-9CBB-C7A1470AC565.svs,1474718589
TCGA-BB-A6UO-01Z-00-DX1,TCGA-BB-A6UO,5184a969-9ff0-41fb-8a2b-53c765ebe8e3,01Z,DX1,TCGA-BB-A6UO-01Z-00-DX1.11D049DC-EFC3-47EB-B390-A694BFD304A2.svs,885895571
TCGA-C9-A47Z-01Z-00-DX1,TCGA-C9-A47Z,6d35592f-67cd-40a0-ac24-3964875a3328,01Z,DX1,TCGA-C9-A47Z-01Z-00-DX1.7999EE26-CB1A-464D-8E88-F3122F8D1A41.svs,1039633846
TCGA-C9-A480-01Z-00-DX1,TCGA-C9-A480,100a765e-0ba9-4284-8710-b9b87ae73b91,01Z,DX1,TCGA-C9-A480-01Z-00-DX1.24793EF4-30F2-46DF-A64E-52021F132EE0.svs,880436624
TCGA-CN-4722-01Z-00-DX1,TCGA-CN-4722,d74acd4e-4ae2-40a4-9c1d-18f9cdfff72f,01Z,DX1,TCGA-CN-4722-01Z-00-DX1.cf599bd8-c285-4f44-82d0-64f4b453d5e5.svs,355816399
TCGA-CN-4723-01Z-00-DX1,TCGA-CN-4723,81742b94-3b31-4af8-8631-e66e0c3a3f3d,01Z,DX1,TCGA-CN-4723-01Z-00-DX1.13483e7b-9322-4d39-8cd6-91e898bf2ee9.svs,642005963
TCGA-CN-4725-01Z-00-DX1,TCGA-CN-4725,6cbf2302-1aa2-43fd-b1fd-fc5a34402dca,01Z,DX1,TCGA-CN-4725-01Z-00-DX1.fe518acf-cceb-4be4-b01a-63d66248d6d4.svs,103134959
TCGA-CN-4726-01Z-00-DX1,TCGA-CN-4726,5bf71b80-1e58-4530-bd45-9caeb65d00cc,01Z,DX1,TCGA-CN-4726-01Z-00-DX1.0ddf44ae-1cb7-41f1-8b59-a5a689f5a71c.svs,25600421
TCGA-CN-4727-01Z-00-DX1,TCGA-CN-4727,298ed2fe-6c6d-4cf4-aab5-4997860ce8ed,01Z,DX1,TCGA-CN-4727-01Z-00-DX1.bee9d488-0f05-4579-8c34-aa4197972bb1.svs,143799473
TCGA-CN-4728-01Z-00-DX1,TCGA-CN-4728,fb426389-063f-4b05-ab07-ee8f188a8129,01Z,DX1,TCGA-CN-4728-01Z-00-DX1.69fc04ce-cc6b-4c63-9322-b5ffb0056828.svs,140258525
TCGA-CN-4729-01Z-00-DX1,TCGA-CN-4729,4378e9ec-5145-4aa0-8f3d-368c9b11aa72,01Z,DX1,TCGA-CN-4729-01Z-00-DX1.fd5f9170-c35b-4095-aff3-4c95921e0e68.svs,285728447
TCGA-CN-4730-01Z-00-DX1,TCGA-CN-4730,6ea59147-a296-4027-9e73-730743c8acd7,01Z,DX1,TCGA-CN-4730-01Z-00-DX1.a76280e8-6591-4d51-afc9-2f01e87346ab.svs,333840621
TCGA-CN-4731-01Z-00-DX1,TCGA-CN-4731,93aac741-b2e8-483e-9790-616f4d4a310b,01Z,DX1,TCGA-CN-4731-01Z-00-DX1.07b0bf3b-77f3-4471-a63c-1afc54714a60.svs,312285223
TCGA-CN-4733-01Z-00-DX1,TCGA-CN-4733,66a2d1a8-d28e-46d2-bc85-f19fc68dfdaf,01Z,DX1,TCGA-CN-4733-01Z-00-DX1.03cccb3f-c551-450f-b00a-f808a237db0b.svs,183090017
TCGA-CN-4734-01Z-00-DX1,TCGA-CN-4734,2a8025ff-9955-4afd-94d5-7c79f659eb3a,01Z,DX1,TCGA-CN-4734-01Z-00-DX1.9cd35e43-7132-478a-9d08-a88d150b7127.svs,182852817
TCGA-CN-4735-01Z-00-DX1,TCGA-CN-4735,b14a6af0-b2ca-409a-9ca6-b9c85298fd89,01Z,DX1,TCGA-CN-4735-01Z-00-DX1.b7d37666-bd65-4d3b-826b-97e560444956.svs,556652721
TCGA-CN-4736-01Z-00-DX1,TCGA-CN-4736,ed294afc-36aa-4999-b4a1-88c44579c519,01Z,DX1,TCGA-CN-4736-01Z-00-DX1.883fda2c-82bd-46c1-b220-b9961d8700cc.svs,162261255
TCGA-CN-4737-01Z-00-DX1,TCGA-CN-4737,a9b6e00f-fd33-4c95-a776-df5859fce7e8,01Z,DX1,TCGA-CN-4737-01Z-00-DX1.15951662-62c1-49e1-94ea-1f4ebad55507.svs,566122229
TCGA-CN-4738-01Z-00-DX1,TCGA-CN-4738,169415b2-3fe8-4c06-ba6e-5052ab1ad57d,01Z,DX1,TCGA-CN-4738-01Z-00-DX1.9c456d54-0bde-4f04-ba53-17c09e692491.svs,329688715
TCGA-CN-4739-01Z-00-DX1,TCGA-CN-4739,cf3afae9-4706-4c74-95be-369dd6663b71,01Z,DX1,TCGA-CN-4739-01Z-00-DX1.e50266c3-606e-4103-a029-021246d4d1df.svs,992084689
TCGA-CN-4740-01Z-00-DX1,TCGA-CN-4740,7909d1a8-fe80-4ead-b78f-8d203b8f55bb,01Z,DX1,TCGA-CN-4740-01Z-00-DX1.f7b9f5ec-cb4e-4604-9d64-2bdc20ac5bec.svs,353438851
TCGA-CN-4741-01Z-00-DX1,TCGA-CN-4741,1a6ffdf0-7ca5-427e-9982-87c05248aca5,01Z,DX1,TCGA-CN-4741-01Z-00-DX1.6adfce37-b5b0-44ff-834e-85059eec24c0.svs,436419321
TCGA-CN-4742-01Z-00-DX1,TCGA-CN-4742,7f301ec5-dfe1-482d-bfab-a39cde8785c0,01Z,DX1,TCGA-CN-4742-01Z-00-DX1.d03eaeac-cc05-4b13-962e-d4d10617d692.svs,864629719
TCGA-CN-5355-01Z-00-DX1,TCGA-CN-5355,3372f0c9-215d-433e-95eb-bf2e88808a21,01Z,DX1,TCGA-CN-5355-01Z-00-DX1.8fb23e44-fc59-4191-b825-cc021807a338.svs,150983359
TCGA-CN-5356-01Z-00-DX1,TCGA-CN-5356,2e1538cf-a872-407a-a6e2-838b00fa9213,01Z,DX1,TCGA-CN-5356-01Z-00-DX1.53360c41-d0d2-465e-8b53-ccd1a2ce248f.svs,224851179
TCGA-CN-5358-01Z-00-DX1,TCGA-CN-5358,d014eb5d-3de2-4f56-b794-fe8229c4dd9b,01Z,DX1,TCGA-CN-5358-01Z-00-DX1.6554cdc1-7d01-4310-a60a-79b8ed7a8679.svs,1051704625
TCGA-CN-5359-01Z-00-DX1,TCGA-CN-5359,166c36d4-d521-4f06-ac0b-361926405c13,01Z,DX1,TCGA-CN-5359-01Z-00-DX1.30a19cad-c2b0-4c5f-bd5d-89aa8ac2bb91.svs,536366391
TCGA-CN-5360-01Z-00-DX1,TCGA-CN-5360,f970abcc-56aa-4224-a14c-3d1e87d7c5e7,01Z,DX1,TCGA-CN-5360-01Z-00-DX1.d3657b07-9ea0-41fc-b858-c9a1497340c8.svs,351706599
TCGA-CN-5361-01Z-00-DX1,TCGA-CN-5361,87bc67f1-f52d-4859-b3e9-9ea2999f4dc3,01Z,DX1,TCGA-CN-5361-01Z-00-DX1.719cf77b-0dd4-4419-be8f-0d3dadedd7cb.svs,974089053
TCGA-CN-5363-01Z-00-DX1,TCGA-CN-5363,5bac31fd-f8f9-4975-8d5e-e9b882725b81,01Z,DX1,TCGA-CN-5363-01Z-00-DX1.bd9c87d4-de64-4932-a90f-95888150d780.svs,975449293
TCGA-CN-5364-01Z-00-DX1,TCGA-CN-5364,0515127a-6ce4-4880-a11f-133ca81cbbee,01Z,DX1,TCGA-CN-5364-01Z-00-DX1.caeed5d0-cd48-40f3-b81b-099637341563.svs,760020167
TCGA-CN-5365-01Z-00-DX1,TCGA-CN-5365,ecdbb01e-932a-43da-8afc-85fb7d33c8bc,01Z,DX1,TCGA-CN-5365-01Z-00-DX1.26a33bd0-1eb3-4774-8be6-bf8501f4a9f9.svs,1467791349
TCGA-CN-5366-01Z-00-DX1,TCGA-CN-5366,c867ee6a-eb33-43cf-a676-4de0e547b03b,01Z,DX1,TCGA-CN-5366-01Z-00-DX1.dcc14c44-6dd1-48a1-a21c-736c6b9551e1.svs,1019715655
TCGA-CN-5367-01Z-00-DX1,TCGA-CN-5367,eeff891f-97e4-4092-9af4-80229b943253,01Z,DX1,TCGA-CN-5367-01Z-00-DX1.5b09e54e-4140-4709-bc60-e201f9a72b24.svs,1253363555
TCGA-CN-5369-01Z-00-DX1,TCGA-CN-5369,bcb6c066-d598-4fb0-82ee-95d448deb224,01Z,DX1,TCGA-CN-5369-01Z-00-DX1.be289b39-c6c2-43a6-8feb-75ad5829ec81.svs,335988799
TCGA-CN-5373-01Z-00-DX1,TCGA-CN-5373,4e0bdc9e-aa46-48bd-8f35-3b12cc3a5d72,01Z,DX1,TCGA-CN-5373-01Z-00-DX1.c423a74f-cdb6-41b1-9483-be854827434e.svs,336984119
TCGA-CN-5374-01Z-00-DX1,TCGA-CN-5374,9e65629c-d2a2-486b-9404-f51c33511d6e,01Z,DX1,TCGA-CN-5374-01Z-00-DX1.027c681b-d8d8-47fd-b0f8-917d6ddb3b83.svs,1157792807
TCGA-CN-6010-01Z-00-DX1,TCGA-CN-6010,aefd8fd8-2d4c-455d-b5c0-1c6bac6c0870,01Z,DX1,TCGA-CN-6010-01Z-00-DX1.8a82a2d0-c687-4b75-922f-b5b64b5a99df.svs,163183063
TCGA-CN-6011-01Z-00-DX1,TCGA-CN-6011,99cc4545-301a-4d2b-ad36-793a84ab10f2,01Z,DX1,TCGA-CN-6011-01Z-00-DX1.a3a73ffe-06b8-42ea-820b-9c2824d96585.svs,580405075
TCGA-CN-6012-01Z-00-DX1,TCGA-CN-6012,838c8105-a728-4a48-8296-b8f42c14762c,01Z,DX1,TCGA-CN-6012-01Z-00-DX1.bd9283bb-47c7-41ab-996a-f3f5070cfc73.svs,123628399
TCGA-CN-6013-01Z-00-DX1,TCGA-CN-6013,9f205a3d-6997-49a8-9f88-2d4c4ef1fa37,01Z,DX1,TCGA-CN-6013-01Z-00-DX1.a6f4b6de-f4b4-47e7-a2da-259b3e5e147f.svs,146808699
TCGA-CN-6016-01Z-00-DX1,TCGA-CN-6016,29a3c818-1336-4c3f-a0b5-be6ba62bf26f,01Z,DX1,TCGA-CN-6016-01Z-00-DX1.737054ae-50f4-42c4-b79c-c462220b12f3.svs,309474817
TCGA-CN-6017-01Z-00-DX1,TCGA-CN-6017,aec73031-dfbf-45e3-b148-877909b0b356,01Z,DX1,TCGA-CN-6017-01Z-00-DX1.690fa1af-4b51-41c8-a52d-bd1341f990e9.svs,459334437
TCGA-CN-6018-01Z-00-DX1,TCGA-CN-6018,0fb798df-02e1-4973-9161-f773d4028b17,01Z,DX1,TCGA-CN-6018-01Z-00-DX1.77855643-92a9-40a7-b4a8-0e32b89fc597.svs,295978459
TCGA-CN-6019-01Z-00-DX1,TCGA-CN-6019,9ef0e8b2-7a4a-4af9-87d2-0115a2cfab2d,01Z,DX1,TCGA-CN-6019-01Z-00-DX1.0a01c44a-b7f4-427e-9854-fe2f0db631ab.svs,279929677
TCGA-CN-6020-01Z-00-DX1,TCGA-CN-6020,210516e1-deb4-41c2-9dfb-221ffa736ea0,01Z,DX1,TCGA-CN-6020-01Z-00-DX1.910f4ce3-873f-4712-b896-789d764513a7.svs,127159523
TCGA-CN-6021-01Z-00-DX1,TCGA-CN-6021,f1a65e9e-7bc8-43a5-8e6e-475e6b430ce2,01Z,DX1,TCGA-CN-6021-01Z-00-DX1.613eb0f9-f1ca-49a9-9bb8-7fdbb29d7665.svs,75174235
TCGA-CN-6022-01Z-00-DX1,TCGA-CN-6022,e5a74e54-5eee-4dd3-badc-68a5a0f8216c,01Z,DX1,TCGA-CN-6022-01Z-00-DX1.46951ba2-f656-41b9-95c7-a3026ddbd562.svs,123233791
TCGA-CN-6023-01Z-00-DX1,TCGA-CN-6023,d48c4946-dc94-4c2b-86e3-938faa118a77,01Z,DX1,TCGA-CN-6023-01Z-00-DX1.abfbc2c7-109b-4b72-8645-8e4135d00306.svs,594588397
TCGA-CN-6024-01Z-00-DX1,TCGA-CN-6024,15466f3b-90a6-4763-b916-c1118b3e248c,01Z,DX1,TCGA-CN-6024-01Z-00-DX1.c5791a72-1ded-4723-a33a-68da0685c80b.svs,166924665
TCGA-CN-6988-01Z-00-DX1,TCGA-CN-6988,840dc806-0ecb-44c0-88d6-cd81ceafe67d,01Z,DX1,TCGA-CN-6988-01Z-00-DX1.1fc4c572-3495-4f5a-9f1a-60c04096d188.svs,209263839
TCGA-CN-6989-01Z-00-DX1,TCGA-CN-6989,51934ad8-0fe3-4388-907f-e6f20c4e408e,01Z,DX1,TCGA-CN-6989-01Z-00-DX1.dd68e391-1d00-4bfc-9be9-ff5024bea237.svs,284721039
TCGA-CN-6992-01Z-00-DX1,TCGA-CN-6992,9454f35c-785d-4ffb-9c00-efaf2365f32d,01Z,DX1,TCGA-CN-6992-01Z-00-DX1.75827758-ac91-4532-8271-8b1a3d42843b.svs,252749831
TCGA-CN-6994-01Z-00-DX1,TCGA-CN-6994,a11630b5-166e-462c-a5c0-26df6d87e991,01Z,DX1,TCGA-CN-6994-01Z-00-DX1.0aa71a4c-25e5-417d-86cf-ce2756e3dd8a.svs,345055221
TCGA-CN-6996-01Z-00-DX1,TCGA-CN-6996,60490ff3-1c05-4c03-ac67-623d35aeeed9,01Z,DX1,TCGA-CN-6996-01Z-00-DX1.b3a1162b-9adb-4fb2-b472-5b9781b9364d.svs,214811201
TCGA-CN-6997-01Z-00-DX1,TCGA-CN-6997,377a537c-a187-43b9-9e1a-642a48d11883,01Z,DX1,TCGA-CN-6997-01Z-00-DX1.7c1686d4-7c15-4332-b962-b36b499dee85.svs,185904715
TCGA-CN-6998-01Z-00-DX1,TCGA-CN-6998,a088bb7b-5b92-49d9-a7a2-c37f5cefba5b,01Z,DX1,TCGA-CN-6998-01Z-00-DX1.5780b8b9-0a1f-4330-889c-b345b29396b2.svs,189985699
TCGA-CN-A63T-01Z-00-DX1,TCGA-CN-A63T,9ecf6f4d-098b-4153-8f3b-7c16ed007428,01Z,DX1,TCGA-CN-A63T-01Z-00-DX1.6AF3A8E6-373B-4D7C-AEDC-CFFC3D6E0FE8.svs,227335759
TCGA-CN-A63U-01Z-00-DX1,TCGA-CN-A63U,0c22fc48-efd4-4635-8ef9-639dc997f59c,01Z,DX1,TCGA-CN-A63U-01Z-00-DX1.90319992-2286-4136-8730-CD905A7F6CD4.svs,222318685
TCGA-CN-A63V-01Z-00-DX1,TCGA-CN-A63V,44d31917-89d0-4172-ba58-8459945da873,01Z,DX1,TCGA-CN-A63V-01Z-00-DX1.2421CF88-314E-42CF-8007-B6CDE06352B2.svs,1203880141
TCGA-CN-A63W-01Z-00-DX1,TCGA-CN-A63W,67e0aeb3-bf5b-4145-8e53-3f6294f199b2,01Z,DX1,TCGA-CN-A63W-01Z-00-DX1.57F5E8BA-E352-4AC9-A800-21DF745474B8.svs,737769565
TCGA-CN-A63Y-01Z-00-DX1,TCGA-CN-A63Y,0d4b25a3-d4b2-4a85-b07b-bc48264b063b,01Z,DX1,TCGA-CN-A63Y-01Z-00-DX1.27C0793B-B61B-4329-8909-F42D8B50EA24.svs,993967035
TCGA-CN-A640-01Z-00-DX1,TCGA-CN-A640,96aa819d-f7fd-4dfd-9f6c-64f4ad47a8f6,01Z,DX1,TCGA-CN-A640-01Z-00-DX1.9A79E116-93C8-4573-AFFD-AEB7EC348074.svs,520554295
TCGA-CN-A641-01Z-00-DX1,TCGA-CN-A641,fd795ebd-358c-48e5-a093-8cd18af520f9,01Z,DX1,TCGA-CN-A641-01Z-00-DX1.8F04DCC2-925F-4C7D-AA85-6786ABD67AB1.svs,633269501
TCGA-CN-A642-01Z-00-DX1,TCGA-CN-A642,5fd62037-3336-4045-b22f-ce1ba1341361,01Z,DX1,TCGA-CN-A642-01Z-00-DX1.74FF21F1-93CA-41A9-A652-3435B0EFDAD5.svs,1218430549
TCGA-CQ-5323-01Z-00-DX1,TCGA-CQ-5323,8710c10f-d0ac-49dc-9f04-ab1dcd07b7af,01Z,DX1,TCGA-CQ-5323-01Z-00-DX1.d1e62a32-5f0c-41bf-adf8-ff4e1534808c.svs,384163987
TCGA-CQ-5324-01Z-00-DX1,TCGA-CQ-5324,a633dd02-c6bc-42e9-9757-52981461e86d,01Z,DX1,TCGA-CQ-5324-01Z-00-DX1.cb9c869f-f38b-4c0f-a332-caf9f2a1bf97.svs,849133695
TCGA-CQ-5325-01Z-00-DX1,TCGA-CQ-5325,f516ded4-7ef1-4bed-b4dd-50765e031f7d,01Z,DX1,TCGA-CQ-5325-01Z-00-DX1.3ca387f7-9683-4d6c-83d4-f9634da40126.svs,570578517
TCGA-CQ-5326-01Z-00-DX1,TCGA-CQ-5326,565beeb5-ea52-45af-b1f8-1511a9941a65,01Z,DX1,TCGA-CQ-5326-01Z-00-DX1.64ae8118-2657-4011-895a-3ddaa8ac0a99.svs,1022707828
TCGA-CQ-5329-01Z-00-DX1,TCGA-CQ-5329,54336324-b48b-4d6e-b6eb-34e93e16a9cf,01Z,DX1,TCGA-CQ-5329-01Z-00-DX1.a91d3213-383e-4928-9d40-8cf5aecb693d.svs,708515347
TCGA-CQ-5330-01Z-00-DX1,TCGA-CQ-5330,0ef3d408-8a63-4ac4-aa6a-3a00876de5b3,01Z,DX1,TCGA-CQ-5330-01Z-00-DX1.a5651070-3cc9-4952-a947-8fc6aea0fde3.svs,701494253
TCGA-CQ-5331-01Z-00-DX1,TCGA-CQ-5331,29fa6849-7749-43a3-ac9b-38c29842b3e0,01Z,DX1,TCGA-CQ-5331-01Z-00-DX1.1d10b04c-8a76-486b-84cf-cbce6601c533.svs,840746732
TCGA-CQ-5332-01Z-00-DX1,TCGA-CQ-5332,7e2224db-3f9c-48a2-a97d-e14e44f63c36,01Z,DX1,TCGA-CQ-5332-01Z-00-DX1.93c007e9-00e2-457a-8bd1-a1cea4903b65.svs,685545951
TCGA-CQ-5333-01Z-00-DX1,TCGA-CQ-5333,355f2286-b8c2-4c60-b540-d3719a0142df,01Z,DX1,TCGA-CQ-5333-01Z-00-DX1.f2c97975-dd7d-4dc9-a1b9-1528184cb8ad.svs,676247349
TCGA-CQ-5334-01Z-00-DX1,TCGA-CQ-5334,dfb95a75-d9ac-4660-9e96-479d2a419833,01Z,DX1,TCGA-CQ-5334-01Z-00-DX1.cb4f6408-7471-4e1f-9800-b3c11c989f56.svs,627111765
TCGA-CQ-6218-01Z-00-DX1,TCGA-CQ-6218,fabd8e8b-49d3-419c-a24a-a33f6fe319b3,01Z,DX1,TCGA-CQ-6218-01Z-00-DX1.666a1636-45fb-42d8-bb67-78fe4a17515d.svs,1387579468
TCGA-CQ-6219-01Z-00-DX1,TCGA-CQ-6219,eef5c543-307a-466f-b0e7-73a8abe3c40c,01Z,DX1,TCGA-CQ-6219-01Z-00-DX1.e998f109-fef1-4057-bcb6-5e4573eae49f.svs,1509779220
TCGA-CQ-6220-01Z-00-DX1,TCGA-CQ-6220,6c6e02cf-6ab9-4c20-a43b-4ce32fa61f56,01Z,DX1,TCGA-CQ-6220-01Z-00-DX1.f0e55c2c-bebb-4424-8ebe-75813a087d73.svs,1224489688
TCGA-CQ-6222-01Z-00-DX1,TCGA-CQ-6222,f0b27889-0e64-4e80-a31a-86ac28525957,01Z,DX1,TCGA-CQ-6222-01Z-00-DX1.78668666-ed6f-49d8-a243-5635cb61875d.svs,469868372
TCGA-CQ-6223-01Z-00-DX1,TCGA-CQ-6223,238cf965-18fe-49d0-9770-209c9f2c2372,01Z,DX1,TCGA-CQ-6223-01Z-00-DX1.95236dd8-13fd-4462-8f8c-a91b96c96802.svs,413588830
TCGA-CQ-6224-01Z-00-DX1,TCGA-CQ-6224,1bc8af23-aa8c-4e73-9975-cd1a461ba6f7,01Z,DX1,TCGA-CQ-6224-01Z-00-DX1.c0d0fca6-b287-41fa-bd8a-95c99a6d9008.svs,1492459244
TCGA-CQ-6225-01Z-00-DX1,TCGA-CQ-6225,a4faff26-0dcc-48c6-9eef-3df97c5eb0ee,01Z,DX1,TCGA-CQ-6225-01Z-00-DX1.5e255e2e-9ef8-484b-8f46-3114c5cc92b2.svs,1946270698
TCGA-CQ-6227-01Z-00-DX1,TCGA-CQ-6227,7d2a0c9e-9f66-425a-a8c8-d14754a4bd14,01Z,DX1,TCGA-CQ-6227-01Z-00-DX1.d4e49b0f-95f0-4a4c-b96f-4c4f5b13bab5.svs,1266812658
TCGA-CQ-6228-01Z-00-DX1,TCGA-CQ-6228,b896da4c-7488-4b3b-a7e3-5e63b92128ab,01Z,DX1,TCGA-CQ-6228-01Z-00-DX1.9ded8315-f765-4be1-b286-558f25033b76.svs,799225134
TCGA-CQ-6229-01Z-00-DX1,TCGA-CQ-6229,0d3ec8d4-a8c1-4026-bb88-d94c2a2e4bda,01Z,DX1,TCGA-CQ-6229-01Z-00-DX1.25c345cc-47e9-4a9f-8402-9ecf7c6b881e.svs,1157649560
TCGA-CQ-7063-01Z-00-DX1,TCGA-CQ-7063,b65f7ac1-b067-4767-8906-bbdd4715b3ca,01Z,DX1,TCGA-CQ-7063-01Z-00-DX1.B89476CA-426F-4196-9693-64C27A00CB4E.svs,250962688
TCGA-CQ-7064-01Z-00-DX1,TCGA-CQ-7064,ba4c32b9-dd01-40f5-946f-81188c6f80e0,01Z,DX1,TCGA-CQ-7064-01Z-00-DX1.10A86192-46A3-403C-BDB8-B184E38CD306.svs,393917102
TCGA-CQ-7065-01Z-00-DX1,TCGA-CQ-7065,021307ef-f6e9-4816-ac34-16f20112119a,01Z,DX1,TCGA-CQ-7065-01Z-00-DX1.083ed2a3-9074-4e48-b950-7255ca54ce77.svs,931147602
TCGA-CQ-7067-01Z-00-DX1,TCGA-CQ-7067,cb5ae67f-2954-4651-a18b-77320c60424b,01Z,DX1,TCGA-CQ-7067-01Z-00-DX1.7ebcaec2-3ffe-49c6-bd83-f7547aea4166.svs,1255956820
TCGA-CQ-7068-01Z-00-DX1,TCGA-CQ-7068,bf76dcd1-8d9f-4249-8e81-278743969753,01Z,DX1,TCGA-CQ-7068-01Z-00-DX1.4a9d6c19-4f72-4d00-97fa-70f72cd4ec0f.svs,374193014
TCGA-CQ-7069-01Z-00-DX1,TCGA-CQ-7069,8a9da524-9031-4e17-9d16-a9912268a02d,01Z,DX1,TCGA-CQ-7069-01Z-00-DX1.227CEB7F-4265-42F5-B313-DB07484B51A8.svs,643049656
TCGA-CQ-7071-01Z-00-DX1,TCGA-CQ-7071,2cf2dcfa-339f-44fa-9ae4-c872b54ce821,01Z,DX1,TCGA-CQ-7071-01Z-00-DX1.AEFEDFCA-0D2F-42AE-8D3F-8D9DD42F5E2D.svs,279788280
TCGA-CQ-7072-01Z-00-DX1,TCGA-CQ-7072,ad205df2-5eae-466c-b4af-b05b269752af,01Z,DX1,TCGA-CQ-7072-01Z-00-DX1.5932E8B0-B5B3-4ECC-AC61-A85FEE443536.svs,481907588
TCGA-CQ-A4C6-01Z-00-DX1,TCGA-CQ-A4C6,43638702-16c1-4f40-9b64-3606d43a8b34,01Z,DX1,TCGA-CQ-A4C6-01Z-00-DX1.98BDE0C7-81D1-410C-A0AD-1CD98F7DFD87.svs,130289454
TCGA-CQ-A4C7-01Z-00-DX1,TCGA-CQ-A4C7,6d75efcb-25bd-4a4d-b1a1-93c4bb57e4f5,01Z,DX1,TCGA-CQ-A4C7-01Z-00-DX1.491FFBCB-ABD0-4D58-8CE7-A9E141A46DE5.svs,214368082
TCGA-CQ-A4C9-01Z-00-DX1,TCGA-CQ-A4C9,1a52bd4e-70f9-4b3a-afb7-6a7a64356843,01Z,DX1,TCGA-CQ-A4C9-01Z-00-DX1.68D63EBF-7A3E-452C-9119-A7DC7DC2D57C.svs,592556986
TCGA-CQ-A4CA-01Z-00-DX1,TCGA-CQ-A4CA,dc379ef0-371f-447f-a8a5-82a9112537bd,01Z,DX1,TCGA-CQ-A4CA-01Z-00-DX1.578FE09A-AA5A-4F41-BF8E-003BC1297862.svs,305365578
TCGA-CQ-A4CB-01Z-00-DX1,TCGA-CQ-A4CB,fd0629d5-4fe8-4ad3-80c2-b9401947b227,01Z,DX1,TCGA-CQ-A4CB-01Z-00-DX1.5761AA04-B8D3-4DD6-B20E-55F940BC7019.svs,181172312
TCGA-CQ-A4CD-01Z-00-DX1,TCGA-CQ-A4CD,ddc63708-97c7-4da3-95c5-25a8ac4299f6,01Z,DX1,TCGA-CQ-A4CD-01Z-00-DX1.09FED532-92E5-442E-8DFE-615E6400A92A.svs,279597784
TCGA-CQ-A4CE-01Z-00-DX1,TCGA-CQ-A4CE,10fa4388-9e48-4658-95d9-2f79574a2483,01Z,DX1,TCGA-CQ-A4CE-01Z-00-DX1.2E5A8284-C995-4B9F-9451-22DEC5EB2FB6.svs,67749380
TCGA-CQ-A4CG-01Z-00-DX1,TCGA-CQ-A4CG,f8cb3121-d53c-4cf1-a5c0-d31866594b42,01Z,DX1,TCGA-CQ-A4CG-01Z-00-DX1.ACB2AA5E-E936-4224-92DE-7C027253F9E8.svs,190965748
TCGA-CQ-A4CH-01Z-00-DX1,TCGA-CQ-A4CH,0e1dbc0f-0467-42ac-9bf0-b73678889aea,01Z,DX1,TCGA-CQ-A4CH-01Z-00-DX1.88CE9119-60CE-4AFB-89B8-672561803A44.svs,381258618
TCGA-CQ-A4CI-01Z-00-DX1,TCGA-CQ-A4CI,fd7d9ef2-9e82-4639-ada1-94e7103e7e9c,01Z,DX1,TCGA-CQ-A4CI-01Z-00-DX1.BDA4315B-03B2-455B-8AE6-9925987AC11F.svs,218378362
TCGA-CV-5430-01Z-00-DX1,TCGA-CV-5430,ea1a1003-3c44-4353-9538-8615bd17139b,01Z,DX1,TCGA-CV-5430-01Z-00-DX1.8B37061A-9238-474C-879F-9E75005DEDC7.svs,1019375735
TCGA-CV-5431-01Z-00-DX1,TCGA-CV-5431,dff90aa9-ce12-47a3-92e6-46a67d6b2a3f,01Z,DX1,TCGA-CV-5431-01Z-00-DX1.27F6CF96-195D-4811-97CC-B38A4FA80E06.svs,799532669
TCGA-CV-5432-01Z-00-DX1,TCGA-CV-5432,b07ab303-7c26-4340-9f0f-cbd133b9fa1d,01Z,DX1,TCGA-CV-5432-01Z-00-DX1.D351D31C-2462-4AB2-9A38-C23EE43F8195.svs,1651407019
TCGA-CV-5434-01Z-00-DX1,TCGA-CV-5434,62dcea29-972b-47b8-ba5a-be8c4b84de9d,01Z,DX1,TCGA-CV-5434-01Z-00-DX1.096C8215-F997-4FFD-A9F3-22A0324B5A01.svs,757206815
TCGA-CV-5435-01Z-00-DX1,TCGA-CV-5435,89f8ad86-b6ba-4ebf-b553-385fa67d5403,01Z,DX1,TCGA-CV-5435-01Z-00-DX1.4B9176AC-2777-44F6-92F4-1F780373CEE6.svs,1608830425
TCGA-CV-5436-01Z-00-DX1,TCGA-CV-5436,383736c9-830b-4bbe-8623-af093e630b23,01Z,DX1,TCGA-CV-5436-01Z-00-DX1.2CADD695-725E-46F6-879A-AE5B86CB2104.svs,1447680005
TCGA-CV-5439-01Z-00-DX1,TCGA-CV-5439,c6d88478-9d75-4cb9-a93d-97620149b2d0,01Z,DX1,TCGA-CV-5439-01Z-00-DX1.A586BF30-0873-4FCE-8275-6F08D1700D22.svs,1276164213
TCGA-CV-5440-01Z-00-DX1,TCGA-CV-5440,950d8bfb-0559-4837-9e91-8c245fedeff0,01Z,DX1,TCGA-CV-5440-01Z-00-DX1.7934D072-699C-4259-A4C7-E22BDF06F4B8.svs,1189512071
TCGA-CV-5441-01Z-00-DX1,TCGA-CV-5441,c1be6a59-dd78-4fa2-b9cd-36489159aad3,01Z,DX1,TCGA-CV-5441-01Z-00-DX1.8858F6CC-449B-4673-BC00-2DF419C4FA6D.svs,1360617441
TCGA-CV-5442-01Z-00-DX1,TCGA-CV-5442,a4925d17-a589-4423-9b1a-a996f86deec6,01Z,DX1,TCGA-CV-5442-01Z-00-DX1.4BB38B9C-A472-4E01-B272-46D541ABBF41.svs,1164234215
TCGA-CV-5443-01Z-00-DX1,TCGA-CV-5443,132dc451-2576-46e6-9395-73713e0e46f4,01Z,DX1,TCGA-CV-5443-01Z-00-DX1.96E2E775-BB82-4F14-ADB4-B16EF1C7D800.svs,1485663165
TCGA-CV-5444-01Z-00-DX1,TCGA-CV-5444,faaf67b9-0e8c-412d-889c-aa32f6a66b7c,01Z,DX1,TCGA-CV-5444-01Z-00-DX1.9ED149D2-23B0-48B6-9965-322FFB56DF80.svs,1625879757
TCGA-CV-5966-01Z-00-DX1,TCGA-CV-5966,586999fd-41db-4aa5-a40b-36f4ade047a0,01Z,DX1,TCGA-CV-5966-01Z-00-DX1.CEEEBE19-7A19-4023-9392-C1A08973B7C8.svs,299292771
TCGA-CV-5970-01Z-00-DX1,TCGA-CV-5970,8d9788b6-8a6e-4d20-9aef-3be23576980c,01Z,DX1,TCGA-CV-5970-01Z-00-DX1.5A5317DD-4738-452B-854F-5EB34991E714.svs,1878762089
TCGA-CV-5971-01Z-00-DX1,TCGA-CV-5971,3f31b7ec-a233-4339-b332-73f2c2d9be2e,01Z,DX1,TCGA-CV-5971-01Z-00-DX1.563DDB4B-6B91-4A52-B2B7-4A8CAF00E6A1.svs,937494755
TCGA-CV-5973-01Z-00-DX1,TCGA-CV-5973,130c35e5-b598-4e4b-88cb-ae037384f9f8,01Z,DX1,TCGA-CV-5973-01Z-00-DX1.D86FDE76-5EB1-4E58-9D6E-40E9AD7C5E55.svs,1909806729
TCGA-CV-5976-01Z-00-DX1,TCGA-CV-5976,dc0c6aff-4426-416c-9b9d-318f1b37f8a4,01Z,DX1,TCGA-CV-5976-01Z-00-DX1.9753AC13-2471-40A6-B640-FF45879AF95B.svs,1776412251
TCGA-CV-5977-01Z-00-DX1,TCGA-CV-5977,ca7639c2-88b6-4e8e-82b4-6964ea476f86,01Z,DX1,TCGA-CV-5977-01Z-00-DX1.DF714997-E628-476C-BD4A-CEB52FEDABD3.svs,1476867611
TCGA-CV-5978-01Z-00-DX1,TCGA-CV-5978,3fca5e16-3241-45bd-9567-6c60ade85a22,01Z,DX1,TCGA-CV-5978-01Z-00-DX1.E2AD0A66-3A25-467F-8768-C0FC34844C79.svs,1536288479
TCGA-CV-5979-01Z-00-DX1,TCGA-CV-5979,d2ab451b-95cf-4f1b-91fe-3071f4c0cc2e,01Z,DX1,TCGA-CV-5979-01Z-00-DX1.D0BE68E1-FB40-4783-97AF-8191C932A261.svs,1176150857
TCGA-CV-6003-01Z-00-DX1,TCGA-CV-6003,902e97df-70ff-47e9-9627-5a51a8f29853,01Z,DX1,TCGA-CV-6003-01Z-00-DX1.759E4143-1027-4813-B2DC-6BA9EE1C9D14.svs,654557655
TCGA-CV-6433-01Z-00-DX1,TCGA-CV-6433,8637c8c2-87ee-4dad-980f-427b4d5b4958,01Z,DX1,TCGA-CV-6433-01Z-00-DX1.069ACB4F-226C-40B6-A141-0E2A1788E68E.svs,1413376583
TCGA-CV-6436-01Z-00-DX1,TCGA-CV-6436,a5a302c2-f342-4cfa-ace2-47158edff3a2,01Z,DX1,TCGA-CV-6436-01Z-00-DX1.A2BEFED8-4167-417B-9735-09A324793873.svs,1258002057
TCGA-CV-6441-01Z-00-DX1,TCGA-CV-6441,fed1875c-7287-43fb-8abb-740695f6ae10,01Z,DX1,TCGA-CV-6441-01Z-00-DX1.F82A4394-A84E-4392-8988-60BFEAF705F9.svs,1594349591
TCGA-CV-6933-01Z-00-DX1,TCGA-CV-6933,93ae02df-225b-4120-88ea-4351e2cdc144,01Z,DX1,TCGA-CV-6933-01Z-00-DX1.2AF4A57B-EEED-4781-8C7B-74C542D60605.svs,1158326749
TCGA-CV-6934-01Z-00-DX1,TCGA-CV-6934,bd217d5f-bfe4-4763-899b-d0bdea42bbf0,01Z,DX1,TCGA-CV-6934-01Z-00-DX1.74872ADE-CCBF-4646-BE15-8013367683E3.svs,1167495587
TCGA-CV-6935-01Z-00-DX1,TCGA-CV-6935,01d69d8e-6010-457f-ac93-a1fb5c591aeb,01Z,DX1,TCGA-CV-6935-01Z-00-DX1.9C449CB2-FB6D-41D1-A4A6-3069DC84A697.svs,808594599
TCGA-CV-6936-01Z-00-DX1,TCGA-CV-6936,8b29b689-364d-48a3-849d-5c589303ea0e,01Z,DX1,TCGA-CV-6936-01Z-00-DX1.3065C974-E4DF-4BEF-9300-9E400E4513CB.svs,930243095
TCGA-CV-6937-01Z-00-DX1,TCGA-CV-6937,6aa146c8-b098-4396-94bd-58c48085e8a4,01Z,DX1,TCGA-CV-6937-01Z-00-DX1.ED1E9F40-F6D4-4505-9E50-97D72AB169CA.svs,1110520691
TCGA-CV-6938-01Z-00-DX1,TCGA-CV-6938,15ad9b46-ebbb-4904-ab89-f082e4b0de99,01Z,DX1,TCGA-CV-6938-01Z-00-DX1.8D0880C1-2E01-4954-95C0-6F15FF0F0B0A.svs,943077969
TCGA-CV-6939-01Z-00-DX1,TCGA-CV-6939,3f1e3de2-8c70-4785-92fe-be051ce058cd,01Z,DX1,TCGA-CV-6939-01Z-00-DX1.20CE5EC1-FE6A-4AD2-A968-135267CAB7E0.svs,898473843
TCGA-CV-6940-01Z-00-DX1,TCGA-CV-6940,07eec0e7-2fd6-449d-a3c7-8ff58f146e17,01Z,DX1,TCGA-CV-6940-01Z-00-DX1.968ED49C-776E-49A5-A316-976809291A5E.svs,1196425625
TCGA-CV-6941-01Z-00-DX1,TCGA-CV-6941,3d93117c-5f5b-42bd-ab7d-19f7ac8fda58,01Z,DX1,TCGA-CV-6941-01Z-00-DX1.10FC8106-352A-4A82-A5C0-FE2F1A054159.svs,910720743
TCGA-CV-6942-01Z-00-DX1,TCGA-CV-6942,00d8d280-7ced-431a-9194-6c21cfdb1ee1,01Z,DX1,TCGA-CV-6942-01Z-00-DX1.68305A75-E773-4CAA-B77F-69848F50CB94.svs,454307155
TCGA-CV-6943-01Z-00-DX1,TCGA-CV-6943,378977be-6ad2-45db-9998-f1f1d694122e,01Z,DX1,TCGA-CV-6943-01Z-00-DX1.40AC4E32-4F41-4424-9D15-A2FB9FABB104.svs,833813073
TCGA-CV-6945-01Z-00-DX1,TCGA-CV-6945,e0e9f73c-7f09-4a34-8668-3b772099caa5,01Z,DX1,TCGA-CV-6945-01Z-00-DX1.F2533BF5-3C26-43BB-A5D1-5CEA4B065D6C.svs,477046465
TCGA-CV-6948-01Z-00-DX1,TCGA-CV-6948,c1aad364-f348-40f1-9966-80efc5dc1eea,01Z,DX1,TCGA-CV-6948-01Z-00-DX1.5FBC4FBA-681D-45AB-BE39-3976CED6A550.svs,925467483
TCGA-CV-6950-01Z-00-DX1,TCGA-CV-6950,aed923bc-d1f0-4490-a9ed-a9b3b7aaeb40,01Z,DX1,TCGA-CV-6950-01Z-00-DX1.1D8CFDF2-998C-45E2-ACDF-581B679DAD6F.svs,895767179
TCGA-CV-6951-01Z-00-DX1,TCGA-CV-6951,51949412-b388-4125-a53e-ac7bf456d68e,01Z,DX1,TCGA-CV-6951-01Z-00-DX1.3C450DCF-B884-4C57-A60F-23D8C3F94CAF.svs,775007041
TCGA-CV-6952-01Z-00-DX1,TCGA-CV-6952,c49de9f5-4832-4215-b012-94b23695e312,01Z,DX1,TCGA-CV-6952-01Z-00-DX1.F3716B4F-DC4B-4AC0-9397-E93BFB5E7688.svs,1118796485
TCGA-CV-6953-01Z-00-DX1,TCGA-CV-6953,0cd098a7-7b71-4c4a-b300-d1f33262d890,01Z,DX1,TCGA-CV-6953-01Z-00-DX1.2CCF64F9-3DD2-493D-87A0-D9BB10D06FD7.svs,364404271
TCGA-CV-6954-01Z-00-DX1,TCGA-CV-6954,48c8ef82-5596-4284-b95d-1862a8ba2e7c,01Z,DX1,TCGA-CV-6954-01Z-00-DX1.5C50D51D-3741-4B02-AD06-95D2E0CC7570.svs,1049227441
TCGA-CV-6955-01Z-00-DX1,TCGA-CV-6955,54aecfd8-4f6d-4abc-9794-12ba32cc5fd2,01Z,DX1,TCGA-CV-6955-01Z-00-DX1.7D446665-7BBE-4D25-9320-AB52260C05F2.svs,532540837
TCGA-CV-6956-01Z-00-DX1,TCGA-CV-6956,ea3edfad-c8f7-4172-b31c-fb740dc05a9e,01Z,DX1,TCGA-CV-6956-01Z-00-DX1.EB7DE6CC-540E-4257-B596-80F310B93C81.svs,999562377
TCGA-CV-6959-01Z-00-DX1,TCGA-CV-6959,575011dc-d267-4cb7-9ba2-e4d4c3c60f75,01Z,DX1,TCGA-CV-6959-01Z-00-DX1.AEC54909-0A3A-43E2-966C-7410CD7488EF.svs,1176137335
TCGA-CV-6960-01Z-00-DX1,TCGA-CV-6960,974155b6-52e5-41be-b0b4-cc0493d2665e,01Z,DX1,TCGA-CV-6960-01Z-00-DX1.97F33F26-2BE3-46C2-AC9D-86F69DA2FE2D.svs,958316377
TCGA-CV-6961-01Z-00-DX1,TCGA-CV-6961,5db966e7-df2e-4166-ac3a-2139ebd59610,01Z,DX1,TCGA-CV-6961-01Z-00-DX1.325AA036-BCD6-450E-96B2-1317C4DB2412.svs,1085059555
TCGA-CV-6962-01Z-00-DX1,TCGA-CV-6962,d077389e-345d-4634-aee2-b1ca7a261838,01Z,DX1,TCGA-CV-6962-01Z-00-DX1.7BF8A1EF-06D7-4DC1-98F3-0A845744A90B.svs,1436352455
TCGA-CV-7089-01Z-00-DX1,TCGA-CV-7089,7b376dbc-cd0b-4f87-828a-4913523bda58,01Z,DX1,TCGA-CV-7089-01Z-00-DX1.62C30ED2-05CD-4696-B838-5B620434B4A7.svs,1477300127
TCGA-CV-7090-01Z-00-DX1,TCGA-CV-7090,e2e1c2f4-3c58-4199-9544-8c0a87ccf402,01Z,DX1,TCGA-CV-7090-01Z-00-DX1.6DF21B0C-86F4-4ECB-A599-4F001A288E3B.svs,1032498619
TCGA-CV-7091-01Z-00-DX1,TCGA-CV-7091,a8685091-a8fc-42f8-a959-e5558cf6c3dc,01Z,DX1,TCGA-CV-7091-01Z-00-DX1.A10F93CD-DDCF-47E0-A78C-B13BFC4C49E1.svs,1236594863
TCGA-CV-7095-01Z-00-DX1,TCGA-CV-7095,158050ab-cb49-484a-99cf-7f825d64a7c1,01Z,DX1,TCGA-CV-7095-01Z-00-DX1.0D531563-9863-480D-9B60-1239E88A8D65.svs,1464734709
TCGA-CV-7097-01Z-00-DX1,TCGA-CV-7097,24d0b96f-8a88-4357-82e5-bfc1bf28a612,01Z,DX1,TCGA-CV-7097-01Z-00-DX1.2B1116BD-7DC8-41BC-B17A-B2CD607C4CA3.svs,1411009167
TCGA-CV-7099-01Z-00-DX1,TCGA-CV-7099,3e9c706f-1c7a-471c-b0c7-12664d79b784,01Z,DX1,TCGA-CV-7099-01Z-00-DX1.7FECEF6F-9690-4331-A80C-ABACC8E5BC31.svs,768813465
TCGA-CV-7100-01Z-00-DX1,TCGA-CV-7100,69b80e9a-f0b0-4047-9e91-627dbcc9c0f7,01Z,DX1,TCGA-CV-7100-01Z-00-DX1.44DFCAC1-2567-40E7-8F03-AF1FB742B012.svs,1436798467
TCGA-CV-7101-01Z-00-DX1,TCGA-CV-7101,e84eb97d-f0bf-4664-9748-28999b9053f8,01Z,DX1,TCGA-CV-7101-01Z-00-DX1.0EBF4A94-904A-416D-ACB3-A7E2581AD832.svs,1177824021
TCGA-CV-7102-01Z-00-DX1,TCGA-CV-7102,f8b4a699-27a6-4e4a-834b-4b421d66a3e7,01Z,DX1,TCGA-CV-7102-01Z-00-DX1.AA1016D3-86C8-41E4-BF90-6E86C1D606E5.svs,1038832609
TCGA-CV-7103-01Z-00-DX1,TCGA-CV-7103,952a4297-5716-45b8-93d9-f3631adbee8d,01Z,DX1,TCGA-CV-7103-01Z-00-DX1.F70ED660-29F0-4BE1-8B0C-ACCD8FF90B7F.svs,1069158069
TCGA-CV-7104-01Z-00-DX1,TCGA-CV-7104,b90df1aa-acf7-4925-b04c-b2f5ea213a28,01Z,DX1,TCGA-CV-7104-01Z-00-DX1.2BE927ED-55FB-4410-8E01-64FC5FF536A0.svs,1130289439
TCGA-CV-7177-01Z-00-DX1,TCGA-CV-7177,06bd542a-5e5a-4d74-91ef-87984586dbc7,01Z,DX1,TCGA-CV-7177-01Z-00-DX1.F904D98D-645B-4579-9757-28561DFEFB93.svs,789607817
TCGA-CV-7178-01Z-00-DX1,TCGA-CV-7178,f0aecf01-bdf0-4485-8530-9e13c00c43e7,01Z,DX1,TCGA-CV-7178-01Z-00-DX1.8938642C-55C3-4FAD-9106-0CA8B1040B9D.svs,1167172389
TCGA-CV-7180-01Z-00-DX1,TCGA-CV-7180,5d972c91-4a49-4dda-994f-25fc0fc8491a,01Z,DX1,TCGA-CV-7180-01Z-00-DX1.9C31E39D-548C-4587-9FF1-18B1F1E0BE22.svs,637099455
TCGA-CV-7183-01Z-00-DX1,TCGA-CV-7183,92be2c47-90be-49a2-8051-310a90da9f2b,01Z,DX1,TCGA-CV-7183-01Z-00-DX1.B90BA26B-F922-4C10-BCA4-203E1453D4B3.svs,737486517
TCGA-CV-7235-01Z-00-DX1,TCGA-CV-7235,24eacba2-b08a-4ee9-9f49-3fe18df247e4,01Z,DX1,TCGA-CV-7235-01Z-00-DX1.4779177A-2956-41BC-8324-00729FEE8B9A.svs,1072822773
TCGA-CV-7236-01Z-00-DX1,TCGA-CV-7236,d99cad58-b84b-4576-918c-5b85950fcd03,01Z,DX1,TCGA-CV-7236-01Z-00-DX1.0755A8D7-0E79-471B-8C3B-C4CBD2733FD3.svs,1371780461
TCGA-CV-7238-01Z-00-DX1,TCGA-CV-7238,713e81e2-df80-4e86-9d0a-81b84ebdc9f9,01Z,DX1,TCGA-CV-7238-01Z-00-DX1.125B2906-3C04-46F7-887B-044BDA3724A2.svs,1721791745
TCGA-CV-7242-01Z-00-DX1,TCGA-CV-7242,678da7e5-a232-4b7c-a713-acf26b397fd7,01Z,DX1,TCGA-CV-7242-01Z-00-DX1.DE2FE048-F989-48F8-A5CA-056DD917FA18.svs,1144350809
TCGA-CV-7243-01Z-00-DX1,TCGA-CV-7243,52e4875e-bc62-4b9c-9788-efe1d5f08b17,01Z,DX1,TCGA-CV-7243-01Z-00-DX1.CA696306-9918-43B2-AB96-18C96CF346F0.svs,1362511925
TCGA-CV-7245-01Z-00-DX1,TCGA-CV-7245,d84c8e0f-d356-4250-9368-18d3812b8040,01Z,DX1,TCGA-CV-7245-01Z-00-DX1.9128EEC2-17DC-4DCA-8B91-508A0C0C52D2.svs,1347617997
TCGA-CV-7247-01Z-00-DX1,TCGA-CV-7247,a23fa5db-fadf-472e-abf2-7f388df8825d,01Z,DX1,TCGA-CV-7247-01Z-00-DX1.C4EA48AC-B844-4A4E-B2E4-31902F99FB7A.svs,896511901
TCGA-CV-7248-01Z-00-DX1,TCGA-CV-7248,af63990d-e835-486b-ad0a-723328fda825,01Z,DX1,TCGA-CV-7248-01Z-00-DX1.2999E357-833B-4CBB-B524-1A7AA85914E6.svs,1014394647
TCGA-CV-7250-01Z-00-DX1,TCGA-CV-7250,a4a9d078-c8b5-4337-96b9-6dcfa912fe2c,01Z,DX1,TCGA-CV-7250-01Z-00-DX1.09076F2E-1DFF-4E5B-944D-53E2B778FA85.svs,922761635
TCGA-CV-7252-01Z-00-DX1,TCGA-CV-7252,c64bceca-8827-43a9-92bc-16c6e9b6ab68,01Z,DX1,TCGA-CV-7252-01Z-00-DX1.01B710B3-B69F-4DE2-BF2B-06048EDA7A14.svs,853069545
TCGA-CV-7253-01Z-00-DX1,TCGA-CV-7253,90ecce85-1b52-4b3d-bce3-899759339bc2,01Z,DX1,TCGA-CV-7253-01Z-00-DX1.DDAC4A20-D880-4D63-932A-AA1F2F9AB467.svs,1049875103
TCGA-CV-7254-01Z-00-DX1,TCGA-CV-7254,bbb031f6-c276-4c24-bc1f-7657c14cc767,01Z,DX1,TCGA-CV-7254-01Z-00-DX1.ACCE315D-AA82-462C-A84E-5ECE487A179A.svs,700931869
TCGA-CV-7255-01Z-00-DX1,TCGA-CV-7255,21a3043c-d49c-4c71-adfc-85b15c0df5b4,01Z,DX1,TCGA-CV-7255-01Z-00-DX1.11D5B324-D223-4130-9CF1-1B138519A4A1.svs,847867059
TCGA-CV-7261-01Z-00-DX1,TCGA-CV-7261,cdc3b920-928f-4fdb-acc3-2bb2bffe0190,01Z,DX1,TCGA-CV-7261-01Z-00-DX1.3D2FFD24-B6EE-4FA3-ACCB-5D02215B35BA.svs,597520105
TCGA-CV-7263-01Z-00-DX1,TCGA-CV-7263,fe2d9ed6-56c3-4f30-a74a-a561d77aeaca,01Z,DX1,TCGA-CV-7263-01Z-00-DX1.F3BC8C3D-BD3B-4663-9C3B-251ECAA4414D.svs,1219485103
TCGA-CV-7406-01Z-00-DX1,TCGA-CV-7406,d7fc5fc0-593e-4d2f-af2b-d5303d0848d8,01Z,DX1,TCGA-CV-7406-01Z-00-DX1.DD01FA19-8CBD-4BCF-9BC7-F23AE48FA667.svs,691507207
TCGA-CV-7407-01Z-00-DX1,TCGA-CV-7407,33d18d2e-c6a9-4c06-96e5-55c3959bc7f9,01Z,DX1,TCGA-CV-7407-01Z-00-DX1.F26EB9EC-6AB2-403D-88CC-3330F37542E8.svs,562350917
TCGA-CV-7409-01Z-00-DX1,TCGA-CV-7409,67012e1e-898b-4146-8655-94d3937e74d6,01Z,DX1,TCGA-CV-7409-01Z-00-DX1.2E8BD053-6552-4B41-BEA4-74CBAE11901B.svs,1191458341
TCGA-CV-7410-01Z-00-DX1,TCGA-CV-7410,9c88f231-e328-4ef1-b4dd-88d7d826e048,01Z,DX1,TCGA-CV-7410-01Z-00-DX1.9C3B496C-0785-4A7D-A0AF-6264AF187CEA.svs,649686821
TCGA-CV-7411-01Z-00-DX1,TCGA-CV-7411,d93bb006-5f32-482a-a5ab-941c6621faf0,01Z,DX1,TCGA-CV-7411-01Z-00-DX1.923C77E1-7B4D-4831-B0FB-C75A111CD5CA.svs,891240399
TCGA-CV-7413-01Z-00-DX1,TCGA-CV-7413,4ba93e5e-28e0-4afd-a77b-99fd93d5fdd6,01Z,DX1,TCGA-CV-7413-01Z-00-DX1.683B81A0-15BF-48BD-B785-BD4F23ED3021.svs,1027694517
TCGA-CV-7414-01Z-00-DX1,TCGA-CV-7414,1b24447a-f52e-4560-a90d-c9dd7d3003bd,01Z,DX1,TCGA-CV-7414-01Z-00-DX1.B821209A-8EA4-4BA1-AEEC-8E2E330763D4.svs,1317614781
TCGA-CV-7415-01Z-00-DX1,TCGA-CV-7415,a4974ba1-e4da-4166-8cd4-35b60eb79c32,01Z,DX1,TCGA-CV-7415-01Z-00-DX1.F0DCC6CF-23DC-46E7-A5E0-2546B9AEB74C.svs,1333387021
TCGA-CV-7416-01Z-00-DX1,TCGA-CV-7416,73441874-00ec-46f7-8ffc-c2f1b3692436,01Z,DX1,TCGA-CV-7416-01Z-00-DX1.6084AAA1-CBB4-448D-A902-6ADCE3D4936F.svs,698087417
TCGA-CV-7418-01Z-00-DX1,TCGA-CV-7418,b5dda425-75cd-4000-a493-7650fe232dba,01Z,DX1,TCGA-CV-7418-01Z-00-DX1.2E40E4A0-7A9C-4593-987C-CB0849D41AC7.svs,985063257
TCGA-CV-7421-01Z-00-DX1,TCGA-CV-7421,6903cc83-bd36-4199-b6cd-7d59777a4a79,01Z,DX1,TCGA-CV-7421-01Z-00-DX1.297CD6B5-F3FB-446D-B505-094EEC1AB76A.svs,1137990871
TCGA-CV-7422-01Z-00-DX1,TCGA-CV-7422,6f4066bb-8a22-467f-b3e4-aa359fd50dbe,01Z,DX1,TCGA-CV-7422-01Z-00-DX1.AD56277C-5035-4B2F-957C-CB240EFB5669.svs,1188655423
TCGA-CV-7423-01Z-00-DX1,TCGA-CV-7423,e9ae8dc8-1922-4145-9e11-903adb2da859,01Z,DX1,TCGA-CV-7423-01Z-00-DX1.B40488AA-9D45-4B58-993B-F4BF4F1ACEBF.svs,869728967
TCGA-CV-7424-01Z-00-DX1,TCGA-CV-7424,e0b0a6da-4f7d-44d1-aee6-a640a34f925d,01Z,DX1,TCGA-CV-7424-01Z-00-DX1.E9C70A9F-6711-449B-AE3D-C16EB86F5797.svs,751347213
TCGA-CV-7425-01Z-00-DX1,TCGA-CV-7425,63d8a83f-dc75-448f-9b3e-f561befa86ca,01Z,DX1,TCGA-CV-7425-01Z-00-DX1.D35EB305-DFB5-494D-A350-359A6CDECAC3.svs,1313929865
TCGA-CV-7427-01Z-00-DX1,TCGA-CV-7427,fd17ec81-0e6e-46da-a80b-9069b569ae5d,01Z,DX1,TCGA-CV-7427-01Z-00-DX1.B616E23B-3950-49B4-BB7B-B94D15580688.svs,692470369
TCGA-CV-7428-01Z-00-DX1,TCGA-CV-7428,5b5fb8cf-2768-40d2-90b5-81f6b2b55604,01Z,DX1,TCGA-CV-7428-01Z-00-DX1.65D29246-D251-489D-9DA3-15E70B085942.svs,1213907239
TCGA-CV-7429-01Z-00-DX1,TCGA-CV-7429,30f975e7-e020-4e49-90e1-298832579070,01Z,DX1,TCGA-CV-7429-01Z-00-DX1.34A438BE-1657-4965-BC1B-B22A42C1717C.svs,886655023
TCGA-CV-7430-01Z-00-DX1,TCGA-CV-7430,25866273-0e7e-4101-8a4d-38015f86abd8,01Z,DX1,TCGA-CV-7430-01Z-00-DX1.B7066A1F-9D8E-4939-A468-A9A338D62D78.svs,1208773859
TCGA-CV-7432-01Z-00-DX1,TCGA-CV-7432,a536b538-1719-4fc6-898a-98236c3ae4e2,01Z,DX1,TCGA-CV-7432-01Z-00-DX1.02BC191D-C486-4551-85A3-34A15A33CF27.svs,1333964175
TCGA-CV-7433-01Z-00-DX1,TCGA-CV-7433,e74eea4b-7a80-4156-a4e5-3e5f69eb2b0a,01Z,DX1,TCGA-CV-7433-01Z-00-DX1.2EA4930A-41AE-448A-A840-134A927B52EB.svs,1039197973
TCGA-CV-7434-01Z-00-DX1,TCGA-CV-7434,002c0333-65fd-4259-912c-a93389b98456,01Z,DX1,TCGA-CV-7434-01Z-00-DX1.0D68AE7B-F7E9-432D-BBFC-68D39C136845.svs,795846403
TCGA-CV-7435-01Z-00-DX1,TCGA-CV-7435,c8d75551-a84a-440c-bdef-8c9b7294f3dd,01Z,DX1,TCGA-CV-7435-01Z-00-DX1.BE5B087F-0855-41B6-B300-FF43886B3731.svs,1060349215
TCGA-CV-7437-01Z-00-DX1,TCGA-CV-7437,84306571-abcf-4a95-959b-6c33e811d44c,01Z,DX1,TCGA-CV-7437-01Z-00-DX1.3A0E4FC8-40D0-4D4A-9FAE-1B6BC9F00620.svs,803902579
TCGA-CV-7438-01Z-00-DX1,TCGA-CV-7438,b101d391-e8ba-4c92-b8af-80985bc642fa,01Z,DX1,TCGA-CV-7438-01Z-00-DX1.DE00CAA6-5750-4231-A2D3-7F8CF789E512.svs,999522765
TCGA-CV-7440-01Z-00-DX1,TCGA-CV-7440,b267c7b8-b465-4b67-a143-7c51f12506cd,01Z,DX1,TCGA-CV-7440-01Z-00-DX1.ABC0027C-EBB2-4BDF-9AE7-116D4F38DD70.svs,837620189
TCGA-CV-7446-01Z-00-DX1,TCGA-CV-7446,85a1ae89-7f47-4733-a794-29d68e19d972,01Z,DX1,TCGA-CV-7446-01Z-00-DX1.AF253414-EAD7-49FB-8B87-EA10C4BD49D4.svs,1697909765
TCGA-CV-7568-01Z-00-DX1,TCGA-CV-7568,038c3c60-ab53-47ee-bf90-a2fc49f65fa8,01Z,DX1,TCGA-CV-7568-01Z-00-DX1.A5A68B1C-3195-44E7-B988-14C51F20353E.svs,1170069995
TCGA-CV-A45O-01Z-00-DX1,TCGA-CV-A45O,60766735-2ee0-4f31-8e8b-78104025a078,01Z,DX1,TCGA-CV-A45O-01Z-00-DX1.8CBD0CCC-C815-475D-87F9-76272F4F715B.svs,1092577887
TCGA-CV-A45P-01Z-00-DX1,TCGA-CV-A45P,fa899cc4-d4a6-4d6e-998c-4a76d9500a8a,01Z,DX1,TCGA-CV-A45P-01Z-00-DX1.13C5B9F1-C756-4F6C-A69F-D84DFE0DA331.svs,1467396025
TCGA-CV-A45Q-01Z-00-DX1,TCGA-CV-A45Q,e35c9ec7-79d9-4590-aab9-9262dac24121,01Z,DX1,TCGA-CV-A45Q-01Z-00-DX1.E14F6011-AB2C-4B4F-840B-83972A00C71F.svs,821664623
TCGA-CV-A45R-01Z-00-DX1,TCGA-CV-A45R,9c3605ca-7ee4-4e94-a938-7baaa63fe9d2,01Z,DX1,TCGA-CV-A45R-01Z-00-DX1.020DC147-B033-4282-976E-D254F9C19E09.svs,1347143445
TCGA-CV-A45T-01Z-00-DX1,TCGA-CV-A45T,0d4e0815-91a8-486e-b411-5a17061ecbaa,01Z,DX1,TCGA-CV-A45T-01Z-00-DX1.177325D9-205C-4F1D-B85C-E078D57F47F9.svs,1135567083
TCGA-CV-A45U-01Z-00-DX1,TCGA-CV-A45U,ff8cc037-3166-41b4-a66c-3da9871ada8f,01Z,DX1,TCGA-CV-A45U-01Z-00-DX1.ABAEB988-816B-4644-B3A8-C2A83679E28E.svs,844992085
TCGA-CV-A45V-01Z-00-DX1,TCGA-CV-A45V,8cddfa0a-0f56-41be-a76d-f9525a043176,01Z,DX1,TCGA-CV-A45V-01Z-00-DX1.296E8147-FE0B-49B6-9F33-EF3E3C11412A.svs,1570832971
TCGA-CV-A45W-01Z-00-DX1,TCGA-CV-A45W,903f54e7-3d24-472d-ad53-471bc44b2540,01Z,DX1,TCGA-CV-A45W-01Z-00-DX1.6123D9EE-BB0B-479E-9CCF-345AAD567E9C.svs,1216325427
TCGA-CV-A45X-01Z-00-DX1,TCGA-CV-A45X,932d884b-9aed-41a2-907e-c0c0df328388,01Z,DX1,TCGA-CV-A45X-01Z-00-DX1.4DD5139A-A65A-4E9D-8999-B38B17EE1921.svs,655041625
TCGA-CV-A45Y-01Z-00-DX1,TCGA-CV-A45Y,4383cd05-749a-4e3e-8e08-9c8310c40ce1,01Z,DX1,TCGA-CV-A45Y-01Z-00-DX1.14FF40A6-2D41-418A-B908-6095ABF7FD13.svs,950888903
TCGA-CV-A45Z-01Z-00-DX1,TCGA-CV-A45Z,10bd7dbb-3702-42f9-b010-8987fc98b1fe,01Z,DX1,TCGA-CV-A45Z-01Z-00-DX1.BAA8DD77-82AE-4441-ADDD-F41FF3476FEB.svs,1192405461
TCGA-CV-A460-01Z-00-DX1,TCGA-CV-A460,05ca448f-5cd8-4fe4-be63-373f2fa7a7ef,01Z,DX1,TCGA-CV-A460-01Z-00-DX1.EE85F1E3-B39D-43B6-A329-ED132E7B137A.svs,1160134705
TCGA-CV-A461-01Z-00-DX1,TCGA-CV-A461,5e341f3e-1502-416e-99d3-1fd5af664cd0,01Z,DX1,TCGA-CV-A461-01Z-00-DX1.D594E898-5EF0-4C56-A1B8-942DB81F54C5.svs,1811660593
TCGA-CV-A463-01Z-00-DX1,TCGA-CV-A463,756333ac-ec41-47a1-ab1f-15213d17003c,01Z,DX1,TCGA-CV-A463-01Z-00-DX1.5391495E-FADF-4F35-AA41-17CF8D80E102.svs,1414317785
TCGA-CV-A464-01Z-00-DX1,TCGA-CV-A464,18bc36dc-de76-45bc-83ad-afe113154741,01Z,DX1,TCGA-CV-A464-01Z-00-DX1.EB6A9C70-8C6C-4CCD-B811-087C1BAB37BE.svs,959243031
TCGA-CV-A465-01Z-00-DX1,TCGA-CV-A465,0c039442-919b-4c7e-bb63-828756ab8eeb,01Z,DX1,TCGA-CV-A465-01Z-00-DX1.015D2361-2B4E-472F-920B-13D1F5A05525.svs,1241613385
TCGA-CV-A468-01Z-00-DX1,TCGA-CV-A468,4d96ba85-a191-4729-80f3-3f10b2a65802,01Z,DX1,TCGA-CV-A468-01Z-00-DX1.4AAA23F8-C254-4076-98B3-FFC78D3CC66A.svs,1784202981
TCGA-CV-A6JD-01Z-00-DX1,TCGA-CV-A6JD,99b1c55f-4cd2-4b42-aa8b-fae61fe5172f,01Z,DX1,TCGA-CV-A6JD-01Z-00-DX1.AEEF2C26-FBCB-43A9-AC34-E9C1570A1BBC.svs,805404631
TCGA-CV-A6JE-01Z-00-DX1,TCGA-CV-A6JE,ad1bd4cf-88cf-433e-92c7-e9789495b54e,01Z,DX1,TCGA-CV-A6JE-01Z-00-DX1.20137D17-19B3-49FF-9C3D-60933157E409.svs,1833841921
TCGA-CV-A6JM-01Z-00-DX1,TCGA-CV-A6JM,adfa8715-43b2-4a2e-a9d5-720f037fba9c,01Z,DX1,TCGA-CV-A6JM-01Z-00-DX1.21D762D0-F250-4BC7-AA3B-54FBD74D1632.svs,2054524313
TCGA-CV-A6JN-01Z-00-DX1,TCGA-CV-A6JN,0e8aa9cd-c537-46e8-97b1-29f686e18ed7,01Z,DX1,TCGA-CV-A6JN-01Z-00-DX1.49317AB4-850C-4A4B-B5EA-2C242B32E1DA.svs,1374229221
TCGA-CV-A6JO-01Z-00-DX1,TCGA-CV-A6JO,7c903a4b-5bef-46a0-a267-dd53ba6621e5,01Z,DX1,TCGA-CV-A6JO-01Z-00-DX1.6A0D34AE-37BA-47A5-88AF-87A273F546F4.svs,1230528753
TCGA-CV-A6JT-01Z-00-DX1,TCGA-CV-A6JT,2c64fc8a-d101-4bc5-b9cf-fc3555304ed7,01Z,DX1,TCGA-CV-A6JT-01Z-00-DX1.3B772BC7-ACAA-4DFF-9A51-2F954EE3B0A2.svs,1792087819
TCGA-CV-A6JU-01Z-00-DX1,TCGA-CV-A6JU,33d8a49c-dfa2-44d9-be80-1e7467c8ad92,01Z,DX1,TCGA-CV-A6JU-01Z-00-DX1.35A3A1F0-9D6C-4794-B501-E56E48C51DF9.svs,1480990123
TCGA-CV-A6JY-01Z-00-DX1,TCGA-CV-A6JY,ddc47afd-126a-4aea-a3cf-bfe12f20d187,01Z,DX1,TCGA-CV-A6JY-01Z-00-DX1.0326449A-DADA-43C5-8B2C-1B3C662A3D7A.svs,1406139271
TCGA-CV-A6JZ-01Z-00-DX1,TCGA-CV-A6JZ,c70f94e5-69d0-4037-ac11-e030cabd2d6a,01Z,DX1,TCGA-CV-A6JZ-01Z-00-DX1.05D3DB98-9279-4057-BBEF-A967933E2604.svs,1542071935
TCGA-CV-A6K0-01Z-00-DX1,TCGA-CV-A6K0,e31a6bc5-de25-45e9-a44f-8ac6f95b3301,01Z,DX1,TCGA-CV-A6K0-01Z-00-DX1.C9946763-9EAE-477E-A605-905CE7E6C339.svs,1599134707
TCGA-CV-A6K1-01Z-00-DX1,TCGA-CV-A6K1,9f6acd49-f6a2-47c4-889d-20d8ef6943f6,01Z,DX1,TCGA-CV-A6K1-01Z-00-DX1.EDC1AE36-E4C0-4C97-A09D-5046B1C841DA.svs,1646989653
TCGA-CV-A6K2-01Z-00-DX1,TCGA-CV-A6K2,163ffd8a-99a5-4cc9-bc6d-dc7d8eb5ef9d,01Z,DX1,TCGA-CV-A6K2-01Z-00-DX1.C037C52C-9B5A-4F6D-8A9F-A3F771DF79F8.svs,1915403679
TCGA-CX-7082-01Z-00-DX1,TCGA-CX-7082,e3eedc41-1ccb-4655-9f64-5fe8e5d073cb,01Z,DX1,TCGA-CX-7082-01Z-00-DX1.52E9EB19-A3CE-46AE-BBEB-74D2D110614F.svs,165817152
TCGA-CX-7085-01Z-00-DX1,TCGA-CX-7085,1d996fb2-c51a-4fd2-98c1-0651889ab93e,01Z,DX1,TCGA-CX-7085-01Z-00-DX1.253749E8-5D44-4E77-B7EB-26F780D83B5A.svs,439701422
TCGA-CX-7086-01Z-00-DX1,TCGA-CX-7086,4c3235c6-9424-46b3-b8a4-a70e6e891411,01Z,DX1,TCGA-CX-7086-01Z-00-DX1.DDDA3936-9488-425E-BA87-045ECB10194E.svs,395620078
TCGA-CX-7219-01Z-00-DX1,TCGA-CX-7219,11d47cd4-f1c3-4c8e-b72d-c17c8fa29e61,01Z,DX1,TCGA-CX-7219-01Z-00-DX1.281050F5-06AE-497D-8153-355FB7E8076D.svs,407439460
TCGA-CX-A4AQ-01Z-00-DX1,TCGA-CX-A4AQ,50713fc2-ab1d-4b1f-b72c-1f85fbd6cf93,01Z,DX1,TCGA-CX-A4AQ-01Z-00-DX1.31ECF3F8-7BAF-4395-8163-DAC2BE88CE06.svs,1155776144
TCGA-D6-6515-01Z-00-DX1,TCGA-D6-6515,a2ef8746-e3fb-46b4-b718-81e11aca09f2,01Z,DX1,TCGA-D6-6515-01Z-00-DX1.5827e8bc-823d-4a7b-98c5-ddf7a8aa7f1a.svs,992087959
TCGA-D6-6515-01Z-00-DX2,TCGA-D6-6515,83978ed8-06af-4e45-a6be-3011a04b527c,01Z,DX2,TCGA-D6-6515-01Z-00-DX2.270E24EB-B75B-4DA4-AD7D-217DBC83A3D7.svs,1426366284
TCGA-D6-6516-01Z-00-DX1,TCGA-D6-6516,4b348fbb-7aef-411f-b995-687ce56115a7,01Z,DX1,TCGA-D6-6516-01Z-00-DX1.4f63eddb-5f99-498f-b488-772ab5a34dc3.svs,1112398615
TCGA-D6-6516-01Z-00-DX2,TCGA-D6-6516,32a3ff5b-daca-4cef-9d6a-90fe71b0ae81,01Z,DX2,TCGA-D6-6516-01Z-00-DX2.4A6963D4-CA12-49D1-B5E8-154A191FE1C7.svs,1592782146
TCGA-D6-6517-01Z-00-DX1,TCGA-D6-6517,ca90a8c2-171a-4b9e-ac40-b431205ef7d4,01Z,DX1,TCGA-D6-6517-01Z-00-DX1.38640ebf-b5c0-4ce3-a731-9013598ac7b4.svs,712607439
TCGA-D6-6517-01Z-00-DX2,TCGA-D6-6517,4390b2b1-57f4-4dc9-9f8d-bab0472558d0,01Z,DX2,TCGA-D6-6517-01Z-00-DX2.7B92189A-23C5-4EA1-989E-F9C641B49020.svs,1295216102
TCGA-D6-6823-01Z-00-DX1,TCGA-D6-6823,4713b2b5-9a18-4060-a9dd-37094c7f89c1,01Z,DX1,TCGA-D6-6823-01Z-00-DX1.7291f093-209b-4e88-8ceb-842f7c5707c0.svs,108022471
TCGA-D6-6823-01Z-00-DX2,TCGA-D6-6823,b568a0ce-b0b8-4a14-8bf2-76e88e425074,01Z,DX2,TCGA-D6-6823-01Z-00-DX2.21CB201E-840D-48E4-8054-5594732193CD.svs,1421672834
TCGA-D6-6824-01Z-00-DX1,TCGA-D6-6824,f081de60-fbf6-4136-ad1d-c88f773cf7f5,01Z,DX1,TCGA-D6-6824-01Z-00-DX1.d9ac38e6-3ec6-4899-b3ea-d8197ba02055.svs,151759889
TCGA-D6-6824-01Z-00-DX2,TCGA-D6-6824,f6471cf0-f36d-4ba0-bfd7-96418406b223,01Z,DX2,TCGA-D6-6824-01Z-00-DX2.96A2C7FA-59F2-4704-ABD0-2D215C442D7C.svs,1954183836
TCGA-D6-6825-01Z-00-DX1,TCGA-D6-6825,9a86fd2b-cbfd-45c7-ac49-9bc9573ab1d7,01Z,DX1,TCGA-D6-6825-01Z-00-DX1.eb4d4223-48fe-40e0-901f-6a4146db9a1f.svs,91528731
TCGA-D6-6825-01Z-00-DX2,TCGA-D6-6825,da122018-99c6-439b-9f4b-8a682cd55c34,01Z,DX2,TCGA-D6-6825-01Z-00-DX2.988BA622-0BBB-456A-8050-B52DA96A699A.svs,2248715770
TCGA-D6-6826-01Z-00-DX1,TCGA-D6-6826,11541d1e-3fb5-4fe0-9fe5-6ac0093826b8,01Z,DX1,TCGA-D6-6826-01Z-00-DX1.9346b65d-ffc0-46ed-b68b-e18b2a43c5ea.svs,107343253
TCGA-D6-6826-01Z-00-DX2,TCGA-D6-6826,2ac82723-539c-41a5-be75-da34ccfa9d39,01Z,DX2,TCGA-D6-6826-01Z-00-DX2.9828BD5E-B902-41B4-8ECA-0A8DDEFFFC75.svs,668805978
TCGA-D6-6827-01Z-00-DX1,TCGA-D6-6827,9e7d018b-7d3f-44ed-b7bf-d31724c8f57a,01Z,DX1,TCGA-D6-6827-01Z-00-DX1.4606a46b-6b03-4011-b469-7328b3949727.svs,199680515
TCGA-D6-6827-01Z-00-DX2,TCGA-D6-6827,64365506-6c40-4392-bc55-5840728ce05d,01Z,DX2,TCGA-D6-6827-01Z-00-DX2.C31227BB-6152-47D7-BAF7-66F815AD25CB.svs,1694140298
TCGA-D6-8568-01Z-00-DX1,TCGA-D6-8568,10650e5e-964f-46d7-8f1b-2782212d7162,01Z,DX1,TCGA-D6-8568-01Z-00-DX1.70A20D5E-6628-4F2E-B808-D20BEB7DB3BF.svs,759093385
TCGA-D6-8568-01Z-00-DX2,TCGA-D6-8568,4f06389b-ceb1-4b15-a9a6-a5e60b50a435,01Z,DX2,TCGA-D6-8568-01Z-00-DX2.061A6C5A-FA4D-4DD3-A5A0-2C6ED160F869.svs,1128713071
TCGA-D6-8569-01Z-00-DX1,TCGA-D6-8569,49269bdd-9d05-40d4-ad95-6b8a2a914545,01Z,DX1,TCGA-D6-8569-01Z-00-DX1.3EDD303B-A2B2-4B31-8D26-272AB383FD11.svs,579333397
TCGA-D6-8569-01Z-00-DX2,TCGA-D6-8569,c9c59b82-f82d-4c3a-8ab1-18995e2775b1,01Z,DX2,TCGA-D6-8569-01Z-00-DX2.F5DD75B7-58AD-4BA9-88A6-0F56124A4D44.svs,824255641
TCGA-D6-A4Z9-01Z-00-DX1,TCGA-D6-A4Z9,e40eb01b-3750-4ce8-8343-4e27557063ac,01Z,DX1,TCGA-D6-A4Z9-01Z-00-DX1.02AB85C7-7FF0-47C3-A38D-58FAAC3E17C6.svs,1485244361
TCGA-D6-A4ZB-01Z-00-DX1,TCGA-D6-A4ZB,3c030712-0bab-403d-a64e-d1c2bc55e3cc,01Z,DX1,TCGA-D6-A4ZB-01Z-00-DX1.29C9A904-A3E4-4C45-B64A-10F6E4C6756B.svs,952357727
TCGA-D6-A6EK-01Z-00-DX1,TCGA-D6-A6EK,941eaf7d-5a29-4ff3-bb52-d0986f1c54a3,01Z,DX1,TCGA-D6-A6EK-01Z-00-DX1.E2A056C2-ADEF-4800-86E9-1B95E5FB5F88.svs,475280499
TCGA-D6-A6EM-01Z-00-DX1,TCGA-D6-A6EM,34764358-a7de-48ab-aa01-80d6104bbdcb,01Z,DX1,TCGA-D6-A6EM-01Z-00-DX1.96C63AAE-17AC-4A04-BF6C-19017B8A8030.svs,752095701
TCGA-D6-A6EN-01Z-00-DX1,TCGA-D6-A6EN,722cdd46-1156-4786-bdeb-89fa7c996eab,01Z,DX1,TCGA-D6-A6EN-01Z-00-DX1.75E5EC91-8B6E-4C5F-8091-9EE8B8D14967.svs,932972111
TCGA-D6-A6EO-01Z-00-DX1,TCGA-D6-A6EO,851b4a6f-8bdc-4783-b8cc-74f5b0959757,01Z,DX1,TCGA-D6-A6EO-01Z-00-DX1.BA27720A-A991-4DE3-8111-33CE7264BADE.svs,1444101661
TCGA-D6-A6EP-01Z-00-DX1,TCGA-D6-A6EP,a279365a-8dff-45b1-8cce-7da0168e620c,01Z,DX1,TCGA-D6-A6EP-01Z-00-DX1.C589624E-0713-49A5-9C9C-FE727766A0D4.svs,1508024063
TCGA-D6-A6EQ-01Z-00-DX1,TCGA-D6-A6EQ,83c91b7a-0784-4d66-a6c4-376bc754679e,01Z,DX1,TCGA-D6-A6EQ-01Z-00-DX1.E6CEA0DA-E05E-416F-B876-30398A9C17C5.svs,727726437
TCGA-D6-A6ES-01Z-00-DX1,TCGA-D6-A6ES,40ae39b8-e13b-4506-a23f-a0245222e1b4,01Z,DX1,TCGA-D6-A6ES-01Z-00-DX1.A6B7B930-DAEC-40C5-B020-2AFB45CEBC8B.svs,1015164099
TCGA-D6-A74Q-01Z-00-DX1,TCGA-D6-A74Q,110204f5-4569-47d3-8764-0589fb91d96e,01Z,DX1,TCGA-D6-A74Q-01Z-00-DX1.57401CAC-050D-4DE4-819A-EC268719EA71.svs,919878839
TCGA-DQ-5624-01Z-00-DX1,TCGA-DQ-5624,6a0fb0c5-2766-4126-9014-cc40229d88fe,01Z,DX1,TCGA-DQ-5624-01Z-00-DX1.2FBB7F46-9D34-4B79-AF37-1BD87D19036B.svs,552448293
TCGA-DQ-5625-01Z-00-DX1,TCGA-DQ-5625,d3d84f96-bd92-4a30-86c5-108bbfbb670e,01Z,DX1,TCGA-DQ-5625-01Z-00-DX1.E2AE85C9-2A2E-43BD-BE2F-D4FA94A90A8C.svs,326899611
TCGA-DQ-5629-01Z-00-DX1,TCGA-DQ-5629,f1cdf303-7568-4876-a70e-907dd1a35969,01Z,DX1,TCGA-DQ-5629-01Z-00-DX1.A5FB326B-4EC1-4446-B98A-392126168863.svs,2075525085
TCGA-DQ-5630-01Z-00-DX1,TCGA-DQ-5630,4ae10d07-1d8f-401e-bf99-e9dce26cab44,01Z,DX1,TCGA-DQ-5630-01Z-00-DX1.07FE0581-2412-43DA-96A9-0DA192DAED3D.svs,10817493
TCGA-DQ-5631-01Z-00-DX1,TCGA-DQ-5631,85e9831b-ca8e-4dcd-a8e2-49b93d266c6a,01Z,DX1,TCGA-DQ-5631-01Z-00-DX1.D9B0F531-4FE9-4D96-BE74-656B2F87F922.svs,35598985
TCGA-DQ-7588-01Z-00-DX1,TCGA-DQ-7588,74e8eb69-2918-4b37-a36f-41f9279fea83,01Z,DX1,TCGA-DQ-7588-01Z-00-DX1.1D1253F5-7C5A-46B4-B796-7DE7ED828080.svs,426197981
TCGA-DQ-7589-01Z-00-DX1,TCGA-DQ-7589,ce1ad42e-f099-4790-811f-ef2faa8c6d83,01Z,DX1,TCGA-DQ-7589-01Z-00-DX1.B0BF631F-6757-4ED6-A95F-E520BA6AFF98.svs,1009844997
TCGA-DQ-7590-01Z-00-DX1,TCGA-DQ-7590,d0e02b0b-d962-425f-b279-6b0764561a05,01Z,DX1,TCGA-DQ-7590-01Z-00-DX1.8319DF99-1663-48DE-BB6A-A156FBAC2EA1.svs,347413787
TCGA-DQ-7591-01Z-00-DX1,TCGA-DQ-7591,20b2ce9e-e9a9-4a9d-8457-f5f06de8eeea,01Z,DX1,TCGA-DQ-7591-01Z-00-DX1.8304B939-542C-4D30-8C77-F705DE1311FF.svs,265353663
TCGA-DQ-7592-01Z-00-DX1,TCGA-DQ-7592,774b978a-4bb2-431d-bb21-52d8cbf0061c,01Z,DX1,TCGA-DQ-7592-01Z-00-DX1.DCB59CBF-0B0F-49E3-8792-BD62472D9506.svs,199097001
TCGA-DQ-7593-01Z-00-DX1,TCGA-DQ-7593,cb53aab3-ff4d-4b17-8025-afdd0834e0c7,01Z,DX1,TCGA-DQ-7593-01Z-00-DX1.973A0BE2-053D-487A-90CF-C6ADB8384E8B.svs,1091538683
TCGA-DQ-7594-01Z-00-DX1,TCGA-DQ-7594,3fff4324-6c94-4d1b-bbf9-d2f727321803,01Z,DX1,TCGA-DQ-7594-01Z-00-DX1.1C5A89D0-3823-4B4B-BDB4-5B4B6A9ACC41.svs,1389513467
TCGA-DQ-7594-01Z-00-DX2,TCGA-DQ-7594,a7163fb3-0b94-4f75-83eb-09ee16406d8e,01Z,DX2,TCGA-DQ-7594-01Z-00-DX2.F01A6E69-1CC8-460F-893A-3CBDAE5045F0.svs,462263017
TCGA-DQ-7595-01Z-00-DX1,TCGA-DQ-7595,9ff10136-06ee-454c-9707-5fad35a78269,01Z,DX1,TCGA-DQ-7595-01Z-00-DX1.4ECDC6A3-4103-4CB7-94C9-C53D2A25FD3C.svs,477209611
TCGA-DQ-7596-01Z-00-DX1,TCGA-DQ-7596,2eac3ec2-701e-4a67-a7b4-210b9d5c57da,01Z,DX1,TCGA-DQ-7596-01Z-00-DX1.83133BB5-B039-4D11-A9BC-20B6C70D0BD2.svs,1486263657
TCGA-F7-7848-01Z-00-DX1,TCGA-F7-7848,8ea60352-c40b-4b73-92f0-5c6217fc4861,01Z,DX1,TCGA-F7-7848-01Z-00-DX1.ddeb9cb5-c474-4fdb-a9a4-7946aca5eecf.svs,604181797
TCGA-F7-8298-01Z-00-DX1,TCGA-F7-8298,7a51d966-9129-4fdf-9ff8-e711866d0af1,01Z,DX1,TCGA-F7-8298-01Z-00-DX1.e9df5104-c9a0-43af-a2e8-86d3f4029e03.svs,355647219
TCGA-F7-8489-01Z-00-DX1,TCGA-F7-8489,0761bbec-8eb7-4d5a-8e11-f04feb78ac20,01Z,DX1,TCGA-F7-8489-01Z-00-DX1.07122ea3-3f1a-49f8-bfb2-be532a56ae26.svs,279396743
TCGA-F7-A50G-01Z-00-DX1,TCGA-F7-A50G,51dd889c-8fd7-4867-b1b8-17ef4af85c9a,01Z,DX1,TCGA-F7-A50G-01Z-00-DX1.C64C8A3F-048F-48CD-BC77-C3C2C0FFCA3F.svs,623922343
TCGA-F7-A50I-01Z-00-DX1,TCGA-F7-A50I,2c755981-59ab-455e-9876-a0762f22ce91,01Z,DX1,TCGA-F7-A50I-01Z-00-DX1.D777F9AF-D8B8-4EFF-9961-C456EBEB967D.svs,276404367
TCGA-F7-A50J-01Z-00-DX1,TCGA-F7-A50J,4a1d3e85-21a8-493f-bc5a-663e3299113c,01Z,DX1,TCGA-F7-A50J-01Z-00-DX1.D754F90E-8C16-4EFB-97A4-27591CBC250D.svs,390648711
TCGA-F7-A61S-01Z-00-DX1,TCGA-F7-A61S,1de5f64d-1451-4fd9-93e2-553f6754230c,01Z,DX1,TCGA-F7-A61S-01Z-00-DX1.BD41A8AB-B10D-4020-A00D-47A3A3827955.svs,1192118215
TCGA-F7-A61V-01Z-00-DX1,TCGA-F7-A61V,97be427e-18d4-4ccb-89e6-a08e710c3961,01Z,DX1,TCGA-F7-A61V-01Z-00-DX1.6F80F8B8-59B1-471F-9BD0-FEB02AB314D3.svs,452170983
TCGA-F7-A61W-01Z-00-DX1,TCGA-F7-A61W,ed435ea9-8298-4138-b5d1-bf1b31228dff,01Z,DX1,TCGA-F7-A61W-01Z-00-DX1.1CD8D4F9-6144-43B9-ACE4-A698CE516968.svs,754395669
TCGA-F7-A620-01Z-00-DX1,TCGA-F7-A620,869e8105-1d80-494d-93da-c565414443ba,01Z,DX1,TCGA-F7-A620-01Z-00-DX1.E0DA4A79-6F9B-4F7C-912E-4A4514DF8F49.svs,638322507
TCGA-F7-A622-01Z-00-DX1,TCGA-F7-A622,71593122-8cc3-4ab3-8c74-bfb8151dc2b2,01Z,DX1,TCGA-F7-A622-01Z-00-DX1.CF21E24C-ADA4-49B6-B064-A22CAC2BA770.svs,525323065
TCGA-F7-A623-01Z-00-DX1,TCGA-F7-A623,dded155f-75e6-477e-802d-06a04e574eb1,01Z,DX1,TCGA-F7-A623-01Z-00-DX1.230FB4CB-F266-4E12-8BB5-EA85CF4DF98E.svs,799240013
TCGA-F7-A624-01Z-00-DX1,TCGA-F7-A624,96212525-13ac-4020-a899-b3a23d79860e,01Z,DX1,TCGA-F7-A624-01Z-00-DX1.5626052F-EA0A-43E0-B011-43276FA282C5.svs,891741103
TCGA-H7-A6C4-01Z-00-DX1,TCGA-H7-A6C4,0701a2f7-d9f3-4e88-a01a-a72a76cc8061,01Z,DX1,TCGA-H7-A6C4-01Z-00-DX1.0A41FEF9-3604-4982-BEFB-2438861C62D4.svs,171618751
TCGA-H7-A6C5-01Z-00-DX1,TCGA-H7-A6C5,34c6b8f2-3f1e-4237-8ec8-41b50f738619,01Z,DX1,TCGA-H7-A6C5-01Z-00-DX1.83DDF18E-DCE1-4AC9-829F-0A5F76AB8AE7.svs,603348579
TCGA-H7-A76A-01Z-00-DX1,TCGA-H7-A76A,c144d394-a770-4ee6-b574-679be8b32cef,01Z,DX1,TCGA-H7-A76A-01Z-00-DX1.E4D824E3-2076-4E46-83F8-9BF5283FCDEE.svs,357016873
TCGA-HD-7229-01Z-00-DX1,TCGA-HD-7229,62075d35-c1d9-4e5e-99ba-e1ce8f224ba1,01Z,DX1,TCGA-HD-7229-01Z-00-DX1.9AF59F80-D653-431E-A134-840A961D96C1.svs,1313761844
TCGA-HD-7753-01Z-00-DX1,TCGA-HD-7753,97ef1829-7f56-49b5-86ea-989bc19860e5,01Z,DX1,TCGA-HD-7753-01Z-00-DX1.0B1217AD-76F4-488A-BE50-641F00AA2DB8.svs,577993725
TCGA-HD-7754-01Z-00-DX1,TCGA-HD-7754,a5e6c8ae-f1c5-4d1a-b439-c26eabce4ab3,01Z,DX1,TCGA-HD-7754-01Z-00-DX1.D7E9DB5F-A293-4F4E-BA06-D807E43F0868.svs,944555701
TCGA-HD-7831-01Z-00-DX1,TCGA-HD-7831,1afbca33-37be-4cae-9f80-0aad61cadcdf,01Z,DX1,TCGA-HD-7831-01Z-00-DX1.a723404e-c5ae-4c02-b338-4fa9801ba5ff.svs,654929139
TCGA-HD-7832-01Z-00-DX1,TCGA-HD-7832,26170842-5b30-4e25-830d-a1d6e2b44d5c,01Z,DX1,TCGA-HD-7832-01Z-00-DX1.2240D7A6-AF1F-43F9-9748-05498FEECAD5.svs,125296267
TCGA-HD-7917-01Z-00-DX1,TCGA-HD-7917,960748cd-5072-4900-8225-4015ace90b09,01Z,DX1,TCGA-HD-7917-01Z-00-DX1.0EA6719C-01AD-4EBE-B4CD-91471D7422EA.svs,788013647
TCGA-HD-8224-01Z-00-DX1,TCGA-HD-8224,d81cde28-f965-4046-b45b-6ad4d6ba220e,01Z,DX1,TCGA-HD-8224-01Z-00-DX1.2b08e329-bb26-4605-bb3b-b257cef561b2.svs,292645319
TCGA-HD-8314-01Z-00-DX1,TCGA-HD-8314,897f18ed-f314-42a2-a4ad-a86c1b474055,01Z,DX1,TCGA-HD-8314-01Z-00-DX1.2BB5E2CD-5F68-416F-BB93-5C35B26B44CD.svs,1203066372
TCGA-HD-8634-01Z-00-DX1,TCGA-HD-8634,040cca69-5156-451d-932d-ca1b4052d725,01Z,DX1,TCGA-HD-8634-01Z-00-DX1.DD4A56A4-A557-478D-BF86-F3764583D26E.svs,340895752
TCGA-HD-8635-01Z-00-DX1,TCGA-HD-8635,c2dc6c3a-ac48-4898-b59e-a8c88e37a1e2,01Z,DX1,TCGA-HD-8635-01Z-00-DX1.3A830969-5E7F-422C-8753-E4AEFEAED6B8.svs,636453464
TCGA-HD-A4C1-01Z-00-DX1,TCGA-HD-A4C1,c93f8c6c-84bb-4c4a-b524-98a6f55ef0e2,01Z,DX1,TCGA-HD-A4C1-01Z-00-DX1.AAE02372-CA5D-463D-937B-B88A1C5321F9.svs,589598184
TCGA-HD-A633-01Z-00-DX1,TCGA-HD-A633,520b83f7-68fc-4105-b795-b190d5665468,01Z,DX1,TCGA-HD-A633-01Z-00-DX1.0E062B5C-BCD1-42FF-A48F-4EC231D705BF.svs,70931598
TCGA-HD-A634-01Z-00-DX1,TCGA-HD-A634,29d72cf9-1fad-4ff3-8f86-0e4d4c94c6e8,01Z,DX1,TCGA-HD-A634-01Z-00-DX1.A9D1976D-E5F0-4A99-9D33-21F5C6932FEB.svs,75351128
TCGA-HD-A6HZ-01Z-00-DX1,TCGA-HD-A6HZ,15d60bed-8747-4a52-898a-0be30b64176e,01Z,DX1,TCGA-HD-A6HZ-01Z-00-DX1.DA05A854-E793-4CEA-A18D-0D5D2C0B4FE9.svs,58216318
TCGA-HD-A6I0-01Z-00-DX1,TCGA-HD-A6I0,cdf0dffa-ec5f-438a-9747-4cb5e301c7ed,01Z,DX1,TCGA-HD-A6I0-01Z-00-DX1.FB5715C4-D13D-44C6-BCCF-A4819F6C5323.svs,34485300
TCGA-HL-7533-01Z-00-DX1,TCGA-HL-7533,9a860174-5585-4370-a4bc-cd959296e078,01Z,DX1,TCGA-HL-7533-01Z-00-DX1.5428d6cb-2417-4b51-9453-dd2c583bb395.svs,912814757
TCGA-IQ-7630-01Z-00-DX1,TCGA-IQ-7630,a9a90f97-05b5-451d-90b9-22adf3799731,01Z,DX1,TCGA-IQ-7630-01Z-00-DX1.a0b303aa-5ffa-4d47-9fa4-df225210168e.svs,153617687
TCGA-IQ-7631-01Z-00-DX1,TCGA-IQ-7631,ffd24dc6-1b7d-438e-b7c6-c72a56fbdcf3,01Z,DX1,TCGA-IQ-7631-01Z-00-DX1.037140e2-1a55-48f3-92d1-ab3dda9b2a7b.svs,1015319939
TCGA-IQ-7632-01Z-00-DX1,TCGA-IQ-7632,0a34948c-8919-41d7-8a05-c7e5ae3ae95e,01Z,DX1,TCGA-IQ-7632-01Z-00-DX1.6c1bfb17-4ed2-4a1b-8735-0a9b1b743985.svs,487424967
TCGA-IQ-A61E-01Z-00-DX1,TCGA-IQ-A61E,1ac28fef-0d25-47c0-8990-d5b5f3eae53d,01Z,DX1,TCGA-IQ-A61E-01Z-00-DX1.92B490BD-78B3-4A36-A09D-01EDD57447F6.svs,1301392731
TCGA-IQ-A61G-01Z-00-DX1,TCGA-IQ-A61G,00df6450-e38c-4658-afe8-9cdda4a6575b,01Z,DX1,TCGA-IQ-A61G-01Z-00-DX1.49645FCF-B103-4FEC-8FF6-2D720D908E01.svs,1780717299
TCGA-IQ-A61H-01Z-00-DX1,TCGA-IQ-A61H,6b247605-99fc-498c-a2f3-2704da81273c,01Z,DX1,TCGA-IQ-A61H-01Z-00-DX1.EAB7367A-7283-4FEE-AE8E-9B81000C7C68.svs,1265991847
TCGA-IQ-A61I-01Z-00-DX1,TCGA-IQ-A61I,61440a01-1f43-4641-b880-2157ff012983,01Z,DX1,TCGA-IQ-A61I-01Z-00-DX1.6A796222-C609-472B-A905-C5D0521625D9.svs,1385645139
TCGA-IQ-A61J-01Z-00-DX1,TCGA-IQ-A61J,635e6359-6cdf-4f87-bf29-bd1925c7800e,01Z,DX1,TCGA-IQ-A61J-01Z-00-DX1.EE2EEE5B-949A-441E-9FA0-60627020E29D.svs,1376128115
TCGA-IQ-A61K-01Z-00-DX1,TCGA-IQ-A61K,870049ab-fb08-41e8-a14f-7377c41942f0,01Z,DX1,TCGA-IQ-A61K-01Z-00-DX1.92AE10A1-0F59-48DD-A259-6C1B9BD63689.svs,1689019151
TCGA-IQ-A61L-01Z-00-DX1,TCGA-IQ-A61L,2631af35-e6f2-4ab7-b458-8c41e2331cdb,01Z,DX1,TCGA-IQ-A61L-01Z-00-DX1.CC0D8394-A93C-42EC-9FC8-F0D3A7D595B6.svs,1184745791
TCGA-IQ-A61O-01Z-00-DX1,TCGA-IQ-A61O,03a3b6b0-b338-42d2-9d44-8bbf9a9946e3,01Z,DX1,TCGA-IQ-A61O-01Z-00-DX1.9ECA5801-3913-45B1-845D-13674F15439E.svs,1781807401
TCGA-IQ-A6SG-01Z-00-DX1,TCGA-IQ-A6SG,0c278a0b-e7d0-4adc-849d-7bc977a4bf57,01Z,DX1,TCGA-IQ-A6SG-01Z-00-DX1.3A03D675-BE6D-49E5-9FC2-B0E4CE967D09.svs,2099538595
TCGA-IQ-A6SH-01Z-00-DX1,TCGA-IQ-A6SH,4adaa9a7-e87d-4b06-a1c6-826adee312f2,01Z,DX1,TCGA-IQ-A6SH-01Z-00-DX1.ABD0AC83-4B41-4CC0-A044-4400F885CB9E.svs,1310167899
TCGA-KU-A66S-01Z-00-DX1,TCGA-KU-A66S,75a3ff88-4d9f-4a71-a22c-80699629c80e,01Z,DX1,TCGA-KU-A66S-01Z-00-DX1.195F55BC-4F8F-4039-8E12-4B18C53A8B04.svs,1851090387
TCGA-KU-A66T-01Z-00-DX1,TCGA-KU-A66T,fa504a08-8b22-4023-98c8-14995465a32d,01Z,DX1,TCGA-KU-A66T-01Z-00-DX1.0166566D-9742-4551-846A-92BAE7F144A9.svs,1621055421
TCGA-KU-A6H7-01Z-00-DX1,TCGA-KU-A6H7,eb887a6d-165e-4852-bb48-9e85a9dee8c1,01Z,DX1,TCGA-KU-A6H7-01Z-00-DX1.AFBBE7A7-6261-499F-AEC3-31AEFF1AB651.svs,1694186061
TCGA-KU-A6H8-01Z-00-DX1,TCGA-KU-A6H8,ccfef570-f207-4ec6-866e-30b9d639ecfd,01Z,DX1,TCGA-KU-A6H8-01Z-00-DX1.35F8655C-B91D-43CE-8E2D-FAC479E434DE.svs,794879617
TCGA-MT-A51W-01Z-00-DX1,TCGA-MT-A51W,0d713975-ee7d-44a0-a120-d411765b6636,01Z,DX1,TCGA-MT-A51W-01Z-00-DX1.92B14BE2-36B1-4A2D-A735-DE6D631006A7.svs,368932573
TCGA-MT-A51X-01Z-00-DX1,TCGA-MT-A51X,a10853d7-8673-4697-baa9-c46c8a3d6dbf,01Z,DX1,TCGA-MT-A51X-01Z-00-DX1.A7469A54-DDD5-4B3E-A437-F51FBDD8B158.svs,48122745
TCGA-MT-A67A-01Z-00-DX1,TCGA-MT-A67A,7ba11673-e418-4682-99ea-c219e408f14f,01Z,DX1,TCGA-MT-A67A-01Z-00-DX1.7C12D59B-185E-4A25-B67F-A4ECEBE3746A.svs,317502495
TCGA-MT-A67D-01Z-00-DX1,TCGA-MT-A67D,a0adbee2-f8a2-4e57-ae1d-69acd32e3b55,01Z,DX1,TCGA-MT-A67D-01Z-00-DX1.D7A8AEAE-5328-4C19-B29F-8172EA4EA18E.svs,315112837
TCGA-MT-A67F-01Z-00-DX1,TCGA-MT-A67F,e0232400-fc1f-4563-b56e-42a2cd40a943,01Z,DX1,TCGA-MT-A67F-01Z-00-DX1.2266D11A-C5E7-4D18-949E-409331EF905C.svs,44164599
TCGA-MT-A67G-01Z-00-DX1,TCGA-MT-A67G,6a021782-f702-46cb-a092-c8954e1f7726,01Z,DX1,TCGA-MT-A67G-01Z-00-DX1.CC0030DC-7F1D-45D2-85D3-4D32BDA585B5.svs,106767483
TCGA-MT-A7BN-01Z-00-DX1,TCGA-MT-A7BN,9f2aa1f7-3e83-4d99-9867-04132dd07c8a,01Z,DX1,TCGA-MT-A7BN-01Z-00-DX1.C1D38B2A-7F42-4469-82C0-85F808EDEA23.svs,78874638
TCGA-MZ-A6I9-01Z-00-DX1,TCGA-MZ-A6I9,1c977aa3-503f-417f-9f18-bc8a595b9610,01Z,DX1,TCGA-MZ-A6I9-01Z-00-DX1.478C5347-BF30-4CAA-8215-58778D79E33B.svs,451622987
TCGA-MZ-A7D7-01Z-00-DX1,TCGA-MZ-A7D7,48abd3bf-78be-407e-83c6-60d624069874,01Z,DX1,TCGA-MZ-A7D7-01Z-00-DX1.A9E4D12E-1B8B-4499-B805-7FBA8D69A7DA.svs,394777875
TCGA-P3-A5Q5-01Z-00-DX1,TCGA-P3-A5Q5,3f92b432-d75d-4259-83cc-47daaaa38ea5,01Z,DX1,TCGA-P3-A5Q5-01Z-00-DX1.A5CDF9E0-2F77-465F-B910-8FA7717F3E16.svs,3008127800
TCGA-P3-A5Q6-01Z-00-DX1,TCGA-P3-A5Q6,2c5b5f06-b024-4ee4-b66d-327e14864b59,01Z,DX1,TCGA-P3-A5Q6-01Z-00-DX1.246ED957-F840-4C95-B66F-2116AD7AFF93.svs,1848755494
TCGA-P3-A5QA-01Z-00-DX1,TCGA-P3-A5QA,38fbd9f0-ffe6-4875-bafe-d959795bc865,01Z,DX1,TCGA-P3-A5QA-01Z-00-DX1.4EA8DD62-AF4F-4872-B2AA-F40125D45D3A.svs,1133600980
TCGA-P3-A5QE-01Z-00-DX1,TCGA-P3-A5QE,6923e585-adef-4f6b-bff4-646a02153172,01Z,DX1,TCGA-P3-A5QE-01Z-00-DX1.AC509BDE-864F-4E38-A693-09EE13C666A5.svs,2087216218
TCGA-P3-A5QF-01Z-00-DX1,TCGA-P3-A5QF,37e01f2a-a0f2-4920-87dd-859492203bc8,01Z,DX1,TCGA-P3-A5QF-01Z-00-DX1.EC33D817-A9FF-4406-9FE4-12D0F37AA189.svs,1931080836
TCGA-P3-A6SW-01Z-00-DX1,TCGA-P3-A6SW,426eac27-fcaa-4739-9a9b-89bca1115918,01Z,DX1,TCGA-P3-A6SW-01Z-00-DX1.254AB8E0-F6CE-4C66-959C-0619459FB5E9.svs,2622009414
TCGA-P3-A6SX-01Z-00-DX1,TCGA-P3-A6SX,8d8f209a-dace-4e69-b6de-bd64bc4cbd6d,01Z,DX1,TCGA-P3-A6SX-01Z-00-DX1.AB3C5814-D645-4ED3-B81D-683E9FA0BBA5.svs,1624596660
TCGA-P3-A6T0-01Z-00-DX1,TCGA-P3-A6T0,fd328b5a-e3dc-4241-b808-5e77369d1d29,01Z,DX1,TCGA-P3-A6T0-01Z-00-DX1.7150F252-D6B7-4155-B719-EF6213D30BE0.svs,1926713606
TCGA-P3-A6T2-01Z-00-DX1,TCGA-P3-A6T2,98146d84-389b-4885-9275-b54ae2616da3,01Z,DX1,TCGA-P3-A6T2-01Z-00-DX1.693C40C7-0980-4426-B2D2-514AC727A302.svs,2385837022
TCGA-P3-A6T3-01Z-00-DX1,TCGA-P3-A6T3,d57a7115-762a-4848-8ebf-76fe45206f52,01Z,DX1,TCGA-P3-A6T3-01Z-00-DX1.EC756904-A270-44E1-8935-9B9F6C25AAB6.svs,4055428248
TCGA-P3-A6T4-01Z-00-DX1,TCGA-P3-A6T4,3dd14807-beef-490e-8c67-044d1223782f,01Z,DX1,TCGA-P3-A6T4-01Z-00-DX1.5DC1C4B4-7BB2-44AE-8D7A-FFFA3CB4BE63.svs,3653236678
TCGA-P3-A6T5-01Z-00-DX1,TCGA-P3-A6T5,6a1dc0c1-9ad1-40e4-9a4c-108cee942f64,01Z,DX1,TCGA-P3-A6T5-01Z-00-DX1.0DA45A73-2A44-4894-ADFA-22974EE85D99.svs,1676964196
TCGA-P3-A6T6-01Z-00-DX1,TCGA-P3-A6T6,0cddd561-4a47-403e-8158-85949929cf68,01Z,DX1,TCGA-P3-A6T6-01Z-00-DX1.4873798C-A2AD-40D5-B5B3-FCF75735C4F3.svs,3060152792
TCGA-P3-A6T7-01Z-00-DX1,TCGA-P3-A6T7,d2d16fc3-2526-4d90-b697-6aaad5127f29,01Z,DX1,TCGA-P3-A6T7-01Z-00-DX1.B150E785-D8CA-4D1A-95B7-D678E5A66AFC.svs,2432968292
TCGA-P3-A6T8-01Z-00-DX1,TCGA-P3-A6T8,1c4e7643-c636-40fa-9836-26faa2d14b60,01Z,DX1,TCGA-P3-A6T8-01Z-00-DX1.E3B6BA9A-3E96-4CCD-9C0F-52E9D27F1350.svs,4090527960
TCGA-QK-A64Z-01Z-00-DX1,TCGA-QK-A64Z,bd1b3047-4f12-4ba5-a0d7-b59e2dea4dd9,01Z,DX1,TCGA-QK-A64Z-01Z-00-DX1.A894D5AB-8914-412A-B719-E4ED659C8D88.svs,2832633230
TCGA-QK-A64Z-01Z-00-DX2,TCGA-QK-A64Z,a062c15c-3469-45c6-ba7a-96ac0f465ae0,01Z,DX2,TCGA-QK-A64Z-01Z-00-DX2.96E8ABB3-3925-402B-8E51-7CF8CA0C63B9.svs,703362318
TCGA-QK-A64Z-01Z-00-DX3,TCGA-QK-A64Z,6cef4a90-24c9-49c5-80be-adf56627cc8e,01Z,DX3,TCGA-QK-A64Z-01Z-00-DX3.4C6D6F13-08E5-41DD-BE8F-D89087D00F22.svs,1208967580
TCGA-QK-A64Z-01Z-00-DX4,TCGA-QK-A64Z,e9adba4b-7c5f-45fe-b843-e11730cb38f7,01Z,DX4,TCGA-QK-A64Z-01Z-00-DX4.370068FC-E205-494A-A5C1-0CBAFE2A28F2.svs,820218744
TCGA-QK-A652-01Z-00-DX1,TCGA-QK-A652,b0b0f7fc-8e22-4e0b-98b7-14c98c02f50d,01Z,DX1,TCGA-QK-A652-01Z-00-DX1.CCE949FD-A9F4-4EE2-8A5E-C1AED3852274.svs,1653370840
TCGA-QK-A6IF-01Z-00-DX1,TCGA-QK-A6IF,8924387d-5397-4620-8776-c6f6f40ad431,01Z,DX1,TCGA-QK-A6IF-01Z-00-DX1.7B689FEA-436B-4406-8107-0160732661B0.svs,310312972
TCGA-QK-A6IF-01Z-00-DX2,TCGA-QK-A6IF,8a3e2e9b-e887-4bec-bbd8-b53ff930431e,01Z,DX2,TCGA-QK-A6IF-01Z-00-DX2.AAF0F8C8-F5F3-4B3B-9664-31EEE893B65E.svs,666997814
TCGA-QK-A6IG-01Z-00-DX1,TCGA-QK-A6IG,cac04ef7-c9a5-40c2-999f-3e10e9f420d4,01Z,DX1,TCGA-QK-A6IG-01Z-00-DX1.857DDCAF-E225-4A1D-94C7-FEA5BCCDE35E.svs,2318823226
TCGA-QK-A6IH-01Z-00-DX1,TCGA-QK-A6IH,720e1c1c-3c73-47ed-aed6-29931324e66d,01Z,DX1,TCGA-QK-A6IH-01Z-00-DX1.64FBAC70-4F12-4CB4-AA19-DC00AAC18F44.svs,2213084572
TCGA-QK-A6II-01Z-00-DX1,TCGA-QK-A6II,e2950c65-4a62-4265-ab7d-2804e1901a97,01Z,DX1,TCGA-QK-A6II-01Z-00-DX1.26444044-1A2C-4731-9169-10C2242BCA11.svs,1990463964
TCGA-QK-A6IJ-01Z-00-DX1,TCGA-QK-A6IJ,6a6a7d2f-9b8c-4e5c-92f8-908365297a75,01Z,DX1,TCGA-QK-A6IJ-01Z-00-DX1.D45AABDE-401E-41B0-9F56-BE83421D7038.svs,1809820292
TCGA-QK-A6V9-01Z-00-DX1,TCGA-QK-A6V9,e53e0e0b-52de-4347-87c6-b1412bdfd655,01Z,DX1,TCGA-QK-A6V9-01Z-00-DX1.0D202E91-5205-4888-A40D-381F7534B34A.svs,2434068004
TCGA-QK-A6VB-01Z-00-DX1,TCGA-QK-A6VB,6b9dfe2c-e74a-405a-9491-e0cf08d8c8eb,01Z,DX1,TCGA-QK-A6VB-01Z-00-DX1.FE7E0C89-BB9B-479F-97B0-40B52735E8F7.svs,1087697728
TCGA-QK-A6VC-01Z-00-DX1,TCGA-QK-A6VC,72eee233-edf8-42f6-910c-fc7049ede8f3,01Z,DX1,TCGA-QK-A6VC-01Z-00-DX1.CC57328B-DA0D-4AFA-B88E-0938E698AD36.svs,784211208
TCGA-QK-A8Z7-01Z-00-DX1,TCGA-QK-A8Z7,d20c0750-2d4f-4fec-8bf5-37fa17be16c7,01Z,DX1,TCGA-QK-A8Z7-01Z-00-DX1.B6D9B290-9AE2-4996-BF3A-30834C7E11EE.svs,1066572418
TCGA-QK-A8Z8-01Z-00-DX1,TCGA-QK-A8Z8,9be52ce5-21c6-4aa2-b58e-0e63125cd182,01Z,DX1,TCGA-QK-A8Z8-01Z-00-DX1.7C01D3B3-A21A-43BF-B09A-0FC31B63CC71.svs,882723272
TCGA-QK-A8Z8-01Z-00-DX2,TCGA-QK-A8Z8,d8a16ca3-b0f9-4581-9884-f4ba00db829a,01Z,DX2,TCGA-QK-A8Z8-01Z-00-DX2.31A487D0-4BAE-4C99-8475-1737EFC8E4E5.svs,1654025164
TCGA-QK-A8Z9-01Z-00-DX1,TCGA-QK-A8Z9,8443648b-2db7-446e-b169-c52cbdc9007d,01Z,DX1,TCGA-QK-A8Z9-01Z-00-DX1.41A4F270-25E0-4437-BE38-7D0D1A0FA901.svs,1782397820
TCGA-QK-A8ZA-01Z-00-DX1,TCGA-QK-A8ZA,b5e64494-4c11-4d0b-bc10-57d3cf2984f7,01Z,DX1,TCGA-QK-A8ZA-01Z-00-DX1.D169F19F-99A3-4A8C-9AE8-24C529B2CE12.svs,809669162
TCGA-QK-A8ZB-01Z-00-DX1,TCGA-QK-A8ZB,7824cc74-3353-48e8-81fb-255e56b6a446,01Z,DX1,TCGA-QK-A8ZB-01Z-00-DX1.EBCCEFBD-C1AB-4513-979D-9D99468C4BAA.svs,1732526738
TCGA-QK-AA3J-01Z-00-DX1,TCGA-QK-AA3J,cdb14e9d-3a3d-4206-bd96-507377102358,01Z,DX1,TCGA-QK-AA3J-01Z-00-DX1.ABCA519E-CF09-4FB3-812F-A977C4F0BA91.svs,360717322
TCGA-QK-AA3K-01Z-00-DX1,TCGA-QK-AA3K,972afeec-66db-4038-aaa7-0c1d40abd60f,01Z,DX1,TCGA-QK-AA3K-01Z-00-DX1.A7F73A27-D890-4E05-86A8-26B6F3AA2332.svs,1739179764
TCGA-RS-A6TO-01Z-00-DX1,TCGA-RS-A6TO,ed73a31d-9c2c-4e84-b67c-00f5814baeb4,01Z,DX1,TCGA-RS-A6TO-01Z-00-DX1.394CBA89-802C-4B88-98ED-7E173BCB39EA.svs,984800637
TCGA-RS-A6TP-01Z-00-DX1,TCGA-RS-A6TP,dd76700d-f77c-4b18-99d7-c1ef7e0f5caa,01Z,DX1,TCGA-RS-A6TP-01Z-00-DX1.C8674492-472E-4EAC-8DBC-B1004C30BD9C.svs,1454839771
TCGA-T2-A6WX-01Z-00-DX1,TCGA-T2-A6WX,341c4e48-61d5-44b3-a173-c081e22a7aa4,01Z,DX1,TCGA-T2-A6WX-01Z-00-DX1.E4C76787-98AE-439C-8021-9B7F4649601B.svs,2103111007
TCGA-T2-A6WZ-01Z-00-DX1,TCGA-T2-A6WZ,807d2b2c-ef11-4d75-aec6-c90c3e2f14f3,01Z,DX1,TCGA-T2-A6WZ-01Z-00-DX1.52078A9C-735F-4781-999E-3B65EA1C4174.svs,1656809077
TCGA-T2-A6X0-01Z-00-DX1,TCGA-T2-A6X0,e933492e-54d2-468e-98db-202674e6de91,01Z,DX1,TCGA-T2-A6X0-01Z-00-DX1.B745431A-B9AA-4436-BF69-59EC4D73F14A.svs,567562211
TCGA-T2-A6X2-01Z-00-DX1,TCGA-T2-A6X2,328be1a3-367e-4f95-b8b5-bb41579f233c,01Z,DX1,TCGA-T2-A6X2-01Z-00-DX1.8A72CC59-D322-4C0B-AD52-ACF91CC3B72F.svs,1403627633
TCGA-T3-A92M-01Z-00-DX1,TCGA-T3-A92M,dfdb9fd8-3369-49bf-8c8d-563faa49c83a,01Z,DX1,TCGA-T3-A92M-01Z-00-DX1.1B471D25-E648-4BFE-AE17-BC15ABF7E101.svs,1620161388
TCGA-T3-A92M-01Z-00-DX2,TCGA-T3-A92M,b74e08ba-8e52-4b46-a395-a1ee6ecffaeb,01Z,DX2,TCGA-T3-A92M-01Z-00-DX2.FD2DF0AC-5A81-4D9F-8DB5-63CD5415DEAF.svs,1450263388
TCGA-T3-A92M-01Z-00-DX3,TCGA-T3-A92M,a6b55667-cdd8-449f-b551-c10810c9109b,01Z,DX3,TCGA-T3-A92M-01Z-00-DX3.9117ABA6-D184-4EA1-B7BA-6006427DC59D.svs,1511088448
TCGA-T3-A92N-01Z-00-DX1,TCGA-T3-A92N,aa715d45-1282-4393-9fb6-b49158567eb9,01Z,DX1,TCGA-T3-A92N-01Z-00-DX1.9A75D592-5F85-45AE-9424-B032525F99D7.svs,1095999400
TCGA-T3-A92N-01Z-00-DX2,TCGA-T3-A92N,98332ead-5b9a-408c-a874-96d8ac7002f0,01Z,DX2,TCGA-T3-A92N-01Z-00-DX2.A08786DD-AF48-4551-BF71-E41C371C97C7.svs,1013988080
TCGA-T3-A92N-01Z-00-DX3,TCGA-T3-A92N,aef0b9ee-733c-4df7-9114-bb7d270ebbcf,01Z,DX3,TCGA-T3-A92N-01Z-00-DX3.E58A0E28-D773-493B-8119-5883F1AA9B79.svs,1011224434
TCGA-TN-A7HI-01Z-00-DX1,TCGA-TN-A7HI,8ac719ed-bc3b-4a55-813c-e87de8e78656,01Z,DX1,TCGA-TN-A7HI-01Z-00-DX1.C216A80D-616A-439A-8BC0-AE6FAC938CA1.svs,1392986495
TCGA-TN-A7HJ-01Z-00-DX1,TCGA-TN-A7HJ,713e6a1f-e194-4fb4-b4b4-24595b2ca7ab,01Z,DX1,TCGA-TN-A7HJ-01Z-00-DX1.60C30A65-58A2-47C5-BBB3-B4B22597B024.svs,281098621
TCGA-TN-A7HL-01Z-00-DX1,TCGA-TN-A7HL,45f87e7d-4533-4b8f-8df3-264f23a408ce,01Z,DX1,TCGA-TN-A7HL-01Z-00-DX1.CD7BE3E0-0814-499F-829E-928890BB26F3.svs,723281979
TCGA-UF-A718-01Z-00-DX1,TCGA-UF-A718,11ca0dfd-64be-4500-b10f-59367d07d584,01Z,DX1,TCGA-UF-A718-01Z-00-DX1.D7364E57-41D6-4865-B194-9448FF17E1EE.svs,1179544543
TCGA-UF-A719-01Z-00-DX1,TCGA-UF-A719,7dbda82e-ce88-4975-9fd2-10a706628291,01Z,DX1,TCGA-UF-A719-01Z-00-DX1.4C4ECC2C-C390-4C5E-A709-CF08C113F1A1.svs,1805765695
TCGA-UF-A71A-01Z-00-DX1,TCGA-UF-A71A,b93e8c0f-141b-4d28-bf4b-18a03766dfd4,01Z,DX1,TCGA-UF-A71A-01Z-00-DX1.92A9BC05-EC68-444F-83ED-D8F83C9FCC02.svs,1171551701
TCGA-UF-A71B-01Z-00-DX1,TCGA-UF-A71B,e12312c1-10c6-40cb-831f-83c604c6a4cc,01Z,DX1,TCGA-UF-A71B-01Z-00-DX1.CCFFEF75-2940-4B3C-AC75-ED66F1BF449E.svs,1688261281
TCGA-UF-A71D-01Z-00-DX1,TCGA-UF-A71D,9270cab2-3cca-4f6b-89bd-d30bd9566d97,01Z,DX1,TCGA-UF-A71D-01Z-00-DX1.4372D70E-9EF5-444D-AA78-A64FE53519BF.svs,1749943931
TCGA-UF-A71E-01Z-00-DX1,TCGA-UF-A71E,fd77f716-d01a-4a92-8230-435ad5a0480f,01Z,DX1,TCGA-UF-A71E-01Z-00-DX1.030F4733-5EBE-4E86-AC31-9A3C96A65BF5.svs,1698538225
TCGA-UF-A7J9-01Z-00-DX1,TCGA-UF-A7J9,e29fba40-31e8-4b57-b009-3d3bb82f1143,01Z,DX1,TCGA-UF-A7J9-01Z-00-DX1.A9C90563-3D51-4953-9A41-0884A5634F99.svs,1188508163
TCGA-UF-A7JA-01Z-00-DX1,TCGA-UF-A7JA,9c118010-c29e-46a1-85c6-ed42a4e04f1f,01Z,DX1,TCGA-UF-A7JA-01Z-00-DX1.4BA7AC34-0563-45C4-AAE1-E5CD224432ED.svs,1438152353
TCGA-UF-A7JC-01Z-00-DX1,TCGA-UF-A7JC,ed352a69-9d6c-4803-9b05-b66605c4eeb1,01Z,DX1,TCGA-UF-A7JC-01Z-00-DX1.2A922335-3B40-4B4B-B392-48B2B8848042.svs,1116236391
TCGA-UF-A7JD-01Z-00-DX1,TCGA-UF-A7JD,ca80e451-8bec-4c55-b038-3e8637d3c96f,01Z,DX1,TCGA-UF-A7JD-01Z-00-DX1.162BC8A7-BBFB-4DFD-9643-5D6D339C66B5.svs,1778660135
TCGA-UF-A7JF-01Z-00-DX1,TCGA-UF-A7JF,73f1b5c9-29ef-409f-bae5-c8088480ea47,01Z,DX1,TCGA-UF-A7JF-01Z-00-DX1.A0DE60C2-9C0A-42C8-84F6-F9D2EA675EEA.svs,1583884055
TCGA-UF-A7JH-01Z-00-DX1,TCGA-UF-A7JH,2ef01d7e-6602-460b-9291-0c13a7f11d31,01Z,DX1,TCGA-UF-A7JH-01Z-00-DX1.E14157A1-F6D6-4E54-9FE1-6D1DC48C37A6.svs,1921556729
TCGA-UF-A7JJ-01Z-00-DX1,TCGA-UF-A7JJ,16f0cfc9-eb25-4cc1-b342-991822e99450,01Z,DX1,TCGA-UF-A7JJ-01Z-00-DX1.C540BC43-FCAB-45DC-86BD-081CAE47A018.svs,1934849433
TCGA-UF-A7JK-01Z-00-DX1,TCGA-UF-A7JK,72ef1dd6-1b36-4976-8f00-12b013be2657,01Z,DX1,TCGA-UF-A7JK-01Z-00-DX1.7CEA17F6-1EAC-4B48-A08F-B81ADEBE74D5.svs,1237224363
TCGA-UF-A7JO-01Z-00-DX1,TCGA-UF-A7JO,5e849ca8-78db-482f-9821-6e1d5947bb2d,01Z,DX1,TCGA-UF-A7JO-01Z-00-DX1.0E47F56A-02A4-455A-8EDF-2E0DF46BD9A9.svs,1130876281
TCGA-UF-A7JS-01Z-00-DX1,TCGA-UF-A7JS,4c10d792-2587-417b-a722-a30cf446e22b,01Z,DX1,TCGA-UF-A7JS-01Z-00-DX1.1EE4C745-BEA2-469D-8E93-6D95B5CCFA62.svs,1402443205
TCGA-UF-A7JT-01Z-00-DX1,TCGA-UF-A7JT,d596532e-6554-43db-a94b-20da800af3d1,01Z,DX1,TCGA-UF-A7JT-01Z-00-DX1.A8F8DEA4-408C-4138-AE9C-D28978E58FA3.svs,1770893773
TCGA-UF-A7JV-01Z-00-DX1,TCGA-UF-A7JV,30c7516c-e4cd-4b92-97bd-2bc72915b23d,01Z,DX1,TCGA-UF-A7JV-01Z-00-DX1.55EF22B7-002A-4CCD-BBD4-99DDE19B3EA7.svs,685591095
TCGA-WA-A7GZ-01Z-00-DX1,TCGA-WA-A7GZ,a7955bb5-64ff-401e-b3d7-fe63a5a623b8,01Z,DX1,TCGA-WA-A7GZ-01Z-00-DX1.B9004E76-4D4B-4F69-ACA6-DFEFA05676A9.svs,1737974700
TCGA-WA-A7GZ-01Z-00-DX2,TCGA-WA-A7GZ,ae613a24-6917-409e-a007-706a42d20e17,01Z,DX2,TCGA-WA-A7GZ-01Z-00-DX2.2A1C2575-63E3-4CD2-861F-133E04837931.svs,1526466172
TCGA-WA-A7H4-01Z-00-DX1,TCGA-WA-A7H4,be72dc88-d9a4-4ee1-8cc1-3a3e761e1a35,01Z,DX1,TCGA-WA-A7H4-01Z-00-DX1.7D3E529C-F062-41CB-A0D0-455BCDE63C31.svs,2261516792
TCGA-WA-A7H4-01Z-00-DX2,TCGA-WA-A7H4,e9da362c-f924-4a54-9717-245b2cc69e22,01Z,DX2,TCGA-WA-A7H4-01Z-00-DX2.40997C97-F0B1-4943-8DD6-BD3F8AE3384F.svs,1863135176
